번호,스타일,파일명
1,나시,001_4057917_4057917_17507412256488_500.jpg
2,나시,002_4928142_4928142_17429603920925_500.jpg
3,나시,003_4189916_4189916_17186092568604_500.jpg
4,나시,004_4644912_4644912_17494256495115_500.jpg
5,나시,005_5079642_5079642_17516005491473_500.jpg
6,나시,006_5097502_5097502_17467596906133_500.jpg
7,나시,007_4683378_4683378_17353716772623_500.jpg
8,나시,008_4622197_4622197_17467739704718_500.jpg
9,나시,009_4247493_4247493_17417555803001_500.jpg
10,나시,010_5155978_5155978_17494310902908_500.jpg
11,나이키,001_4075077_4075077_17138499341881_500.jpg
12,나이키,002_4371012_4371012_17255868621694_500.jpg
13,나이키,003_5211092_5211092_17513277455987_500.jpg
14,나이키,004_4703161_4703161_17364967313059_500.jpg
15,나이키,005_3976350_3976350_17115804993997_500.jpg
16,나이키,006_4201519_4201519_17199761290172_500.jpg
17,레트로,001_4987281_4987281_17443476122912_500.jpg
18,레트로,002_4912995_4912995_17466044215083_500.jpg
19,레트로,003_4898798_4898798_17466800827808_500.jpg
20,레트로,004_4705781_4705781_17448082720588_500.jpg
21,레트로,005_4048003_4048003_17133173200613_500.jpg
22,레트로,006_3996355_3996355_17159291044181_500.jpg
23,레트로,007_4960609_4960609_17491074570811_500.jpg
24,레트로,008_4046227_4046227_17128245936507_500.jpg
25,레트로,009_4912003_4912003_17436624615353_500.jpg
26,레트로,010_5098259_5098259_17518551911838_500.jpg
27,레트로,011_4762704_4762704_17388204904402_500.jpg
28,레트로,012_4142242_4142242_17162797444284_500.jpg
29,레트로,013_5168534_5168534_17506514407704_500.png
30,레트로,014_5153182_5153182_17518495403339_500.png
31,레트로,015_4870286_4870286_17422078269784_500.jpg
32,레트로,016_4973975_4973975_17437491686846_500.jpg
33,레트로,017_4891303_4891303_17417897100462_500.jpg
34,레트로,018_5120291_5120291_17473746093499_500.jpg
35,레트로,019_4150633_4150633_17442449743744_500.jpg
36,레트로,020_5266641_5266641_17534220943450_500.jpg
37,레트로,021_3103127_3103127_17424359190970_500.jpg
38,레트로,022_3996347_3996347_17159292104842_500.jpg
39,레트로,023_5104817_5104817_17473199050266_500.jpg
40,레트로,024_4968711_4968711_17459112594280_500.jpg
41,레트로,025_5144628_5144628_17540236634697_500.png
42,레트로,026_4988326_4988326_17574674365341_500.jpg
43,레트로,027_4891049_4891049_17436589385756_500.jpg
44,레트로,028_4975672_4975672_17525383824270_500.jpg
45,레트로,029_5119331_5119331_17507282309909_500.png
46,레트로,030_5184664_5184664_17542892314002_500.jpg
47,레트로,031_5281219_5281219_17538592831712_500.jpg
48,레트로,032_5168437_5168437_17520327931917_500.png
49,레트로,033_4791055_4791055_17398591164639_500.jpg
50,레트로,034_5197427_5197427_17518666359235_500.jpg
51,레트로,035_4919066_4919066_17425359779326_500.jpg
52,로맨틱,001_4990464_4990464_17525413175134_500.jpg
53,로맨틱,002_3950102_3950102_17412447830536_500.jpg
54,로맨틱,003_4806168_4806168_17455478907807_500.jpg
55,로맨틱,004_5094215_5094215_17466863166856_500.jpg
56,로맨틱,005_4784650_4784650_17569597872155_500.jpg
57,로맨틱,006_3930274_3930274_17133268191874_500.jpg
58,로맨틱,007_5095318_5095318_17467663024733_500.jpg
59,로맨틱,008_4974480_4974480_17513309716034_500.jpg
60,로맨틱,009_3517935_3517935_17243764634696_500.jpg
61,로맨틱,010_4017863_4017863_17513445023878_500.jpg
62,로맨틱,011_4017863_4017863_17513445023878_500.jpg
63,로맨틱,012_4113687_4113687_17151486293373_500.jpg
64,로맨틱,013_5052512_5052512_17502280252659_500.jpg
65,로맨틱,014_4791871_4791871_17568698833089_500.jpg
66,로맨틱,015_3902739_3902739_17090059437508_500.jpg
67,로맨틱,016_5007198_5007198_17441848108062_500.jpg
68,로맨틱,017_4974484_4974484_17501437365411_500.jpg
69,로맨틱,018_4927344_4927344_17567971432251_500.jpg
70,로맨틱,019_5248395_5248395_17525611495572_500.jpg
71,로맨틱,020_5233717_5233717_17531761178023_500.jpg
72,로맨틱,021_4844635_4844635_17532604381628_500.jpg
73,로맨틱,022_5246896_5246896_17525393231834_500.jpg
74,로맨틱,023_4042432_4042432_17127455938406_500.jpg
75,로맨틱,024_4836983_4836983_17415833634064_500.jpg
76,로맨틱,025_5295694_5295694_17544477596590_500.jpg
77,로맨틱,026_3375879_3375879_16873239611058_500.jpg
78,로맨틱,027_4074148_4074148_17581564939770_500.jpg
79,로맨틱,028_5114657_5114657_17472735050232_500.jpg
80,로맨틱,029_4261787_4261787_17213643746084_500.jpg
81,로맨틱,030_5066294_5066294_17455495166226_500.jpg
82,로맨틱,031_5404745_5404745_17569717136822_500.jpg
83,로맨틱,032_5358281_5358281_17561119897928_500.jpg
84,로맨틱,033_3179747_3179747_16829876119373_500.jpg
85,로맨틱,034_4733119_4733119_17388563308668_500.jpg
86,로맨틱,035_4782806_4782806_17405489838524_500.jpg
87,로맨틱,036_4908119_4908119_17439886319114_500.jpg
88,로맨틱,037_5156740_5156740_17490126162833_500.jpg
89,로맨틱,038_5279099_5279099_17537777330865_500.jpg
90,로맨틱,039_5248628_5248628_17567993574438_500.jpg
91,로맨틱,040_4697059_4697059_17370131807135_500.jpg
92,로맨틱,041_5295689_5295689_17544477304851_500.jpg
93,로맨틱,042_4948958_4948958_17452008448251_500.jpg
94,로맨틱,043_5288487_5288487_17549550734750_500.jpg
95,로맨틱,044_4061894_4061894_17485009827846_500.jpg
96,로맨틱,045_5039335_5039335_17502206128478_500.jpg
97,로맨틱,046_5092007_5092007_17469317444158_500.jpg
98,로맨틱,047_5073276_5073276_17476274209081_500.jpg
99,로맨틱,048_4803267_4803267_17399286000662_500.jpg
100,로맨틱,049_5118752_5118752_17513281573253_500.jpg
101,로맨틱,050_5007309_5007309_17441850801173_500.jpg
102,로맨틱,051_5020624_5020624_17478725729529_500.jpg
103,로맨틱,052_4906354_4906354_17439887549000_500.jpg
104,로맨틱,053_5097262_5097262_17561883220163_500.jpg
105,로맨틱,054_5041201_5041201_17454689644474_500.jpg
106,로맨틱,055_5288551_5288551_17549594689579_500.jpg
107,로맨틱,056_5145984_5145984_17482378312337_500.jpg
108,로맨틱,057_5129508_5129508_17477910027078_500.jpg
109,로맨틱,058_5183693_5183693_17497945221799_500.jpg
110,로맨틱,059_4881960_4881960_17416812581755_500.jpg
111,로맨틱,060_5074101_5074101_17539368258459_500.jpg
112,미니멀,001_3105521_3105521_17104834100600_500.jpg
113,미니멀,002_4898898_4898898_17501285551927_500.jpg
114,미니멀,003_3042516_3042516_17150418369060_500.jpg
115,미니멀,004_5358538_5358538_17569664157589_500.jpg
116,미니멀,005_5398105_5398105_17568860163264_500.jpg
117,미니멀,006_3810210_3810210_17394317212046_500.jpg
118,미니멀,007_5368999_5368999_17568849498333_500.jpg
119,미니멀,008_4748506_4748506_17425435252497_500.jpg
120,미니멀,009_5057022_5057022_17496050794521_500.jpg
121,미니멀,010_5186941_5186941_17576714596166_500.jpg
122,미니멀,011_4016553_4016553_17137779487077_500.jpg
123,미니멀,012_5316365_5316365_17567999088859_500.jpg
124,미니멀,013_3758305_3758305_17128229951850_500.jpg
125,미니멀,014_4942039_4942039_17430487369086_500.jpg
126,미니멀,015_3926599_3926599_17497881107509_500.jpg
127,미니멀,016_3879282_3879282_17439950180780_500.jpg
128,미니멀,017_3889891_3889891_17551379103585_500.jpg
129,미니멀,018_5259641_5259641_17588486036179_500.jpg
130,미니멀,019_4758133_4758133_17483308460426_500.jpg
131,미니멀,020_4899074_4899074_17556479225936_500.jpg
132,미니멀,021_5031421_5031421_17471921653950_500.jpg
133,미니멀,022_4478841_4478841_17410499799045_500.jpg
134,미니멀,023_2005113_2005113_17143555779106_500.jpg
135,미니멀,024_4730993_4730993_17374411083165_500.jpg
136,미니멀,025_5313506_5313506_17572955799563_500.jpg
137,미니멀,026_4724875_4724875_17370057606029_500.jpg
138,미니멀,027_3739931_3739931_17567897327017_500.jpg
139,미니멀,028_2578564_2578564_17150447661675_500.jpg
140,미니멀,029_5261284_5261284_17531014544024_500.jpg
141,미니멀,030_4755241_4755241_17570577674073_500.jpg
142,미니멀,031_4659502_4659502_17338185188638_500.jpg
143,미니멀,032_5107439_5107439_17508988533924_500.jpg
144,미니멀,033_4672680_4672680_17524697415160_500.jpg
145,미니멀,034_4989733_4989733_17477885499560_500.jpg
146,미니멀,035_5289666_5289666_17567903937395_500.jpg
147,미니멀,036_3845658_3845658_17315588847370_500.jpg
148,미니멀,037_3156810_3156810_16803320747887_500.jpg
149,미니멀,038_2019619_2019619_16879966695411_500.jpg
150,미니멀,039_4752436_4752436_17439913063199_500.jpg
151,미니멀,040_5315265_5315265_17568636583157_500.jpg
152,미니멀,041_3271408_3271408_17443338174836_500.jpg
153,미니멀,042_2445804_2445804_17497906343201_500.png
154,미니멀,043_5310167_5310167_17568805054709_500.jpg
155,미니멀,044_2406910_2406910_2_500.jpg
156,미니멀,045_4695929_4695929_17424403862158_500.jpg
157,미니멀,046_1912750_1912750_16780734905768_500.jpg
158,미니멀,047_5287747_5287747_17556898374103_500.jpg
159,미니멀,048_4073330_4073330_17447957038498_500.jpg
160,미니멀,049_4424923_4424923_17568602889734_500.jpg
161,미니멀,050_3921779_3921779_17096047070086_500.jpg
162,미니멀,051_4340665_4340665_17249803820882_500.jpg
163,미니멀,052_3475982_3475982_17409984601986_500.jpg
164,미니멀,053_5358696_5358696_17570402584700_500.jpg
165,미니멀,054_5186952_5186952_17562612616309_500.jpg
166,미니멀,055_4297133_4297133_17564422812740_500.jpg
167,미니멀,056_2085005_2085005_17524690084743_500.jpg
168,미니멀,057_5025534_5025534_17558393048355_500.jpg
169,미니멀,058_5180083_5180083_17524696653020_500.jpg
170,미니멀,059_5107719_5107719_17564250854549_500.png
171,미니멀,060_4699529_4699529_17369152822465_500.jpg
172,미니멀,061_4714885_4714885_17391719644661_500.jpg
173,미니멀,062_4883779_4883779_17470160259370_500.jpg
174,미니멀,063_3745606_3745606_17563738724147_500.jpg
175,미니멀,064_4596161_4596161_17309623177402_500.jpg
176,미니멀,065_4008316_4008316_17477170772060_500.jpg
177,미니멀,066_5358291_5358291_17560979875501_500.jpg
178,미니멀,067_4930215_4930215_17538402163361_500.jpg
179,미니멀,068_3712753_3712753_17536895871769_500.jpg
180,미니멀,069_3271281_3271281_17177184196479_500.jpg
181,미니멀,070_4827301_4827301_17473663093418_500.jpg
182,미니멀,071_2614405_2614405_17515225768552_500.jpg
183,미니멀,072_4757740_4757740_17482413875934_500.jpg
184,미니멀,073_4313374_4313374_17234425953824_500.jpg
185,미니멀,074_3944517_3944517_17102330386605_500.jpg
186,미니멀,075_4804598_4804598_17410701377514_500.jpg
187,미니멀,076_3017681_3017681_17206913946336_500.jpg
188,미니멀,077_4761133_4761133_17393211419309_500.jpg
189,미니멀,078_3271381_3271381_16843658579909_500.jpg
190,미니멀,079_3928442_3928442_17102300324446_500.jpg
191,미니멀,080_1523636_1523636_1_500.jpg
192,미니멀,081_4320208_4320208_17234398250383_500.jpg
193,미니멀,082_4315318_4315318_17399342863165_500.jpg
194,미니멀,083_2510196_2510196_17503177740970_500.jpg
195,미니멀,084_4787888_4787888_17556680097272_500.jpg
196,미니멀,085_4703183_4703183_17368289693514_500.jpg
197,미니멀,086_4327323_4327323_17243789533647_500.jpg
198,미니멀,087_5270793_5270793_17533388651136_500.jpg
199,미니멀,088_4141713_4141713_17575679144651_500.jpg
200,미니멀,089_5432332_5432332_17574210975325_500.jpg
201,미니멀,090_994588_994588_16764335228041_500.jpg
202,미니멀,091_4755245_4755245_17570578220501_500.jpg
203,미니멀,092_4740644_4740644_17399255259127_500.jpg
204,미니멀,093_3788371_3788371_17587851434231_500.png
205,미니멀,094_5316397_5316397_17564557574719_500.jpg
206,미니멀,095_3859226_3859226_17429726520858_500.jpg
207,미니멀,096_4761261_4761261_17525386139941_500.jpg
208,미니멀,097_1753060_1753060_17241206104097_500.jpg
209,미니멀,098_3097185_3097185_16808334829966_500.jpg
210,미니멀,099_4478845_4478845_17411366653956_500.jpg
211,미니멀,100_5289652_5289652_17548864661716_500.jpg
212,미니멀,101_4079500_4079500_17140988585932_500.jpg
213,미니멀,102_5185982_5185982_17498915591134_500.jpg
214,미니멀,103_2128345_2128345_17271444745484_500.jpg
215,미니멀,104_4672729_4672729_17496251399485_500.jpg
216,미니멀,105_4923276_4923276_17520384544960_500.jpg
217,미니멀,106_5313549_5313549_17572956380443_500.jpg
218,미니멀,107_5180086_5180086_17524696534879_500.jpg
219,미니멀,108_5316693_5316693_17564053714649_500.png
220,미니멀,109_2406911_2406911_2_500.jpg
221,미니멀,110_5359940_5359940_17570499219133_500.jpg
222,미니멀,111_3132861_3132861_17435738067124_500.jpg
223,미니멀,112_1023790_1023790_17170414054129_500.jpg
224,미니멀,113_4612929_4612929_17315815175958_500.jpg
225,미니멀,114_5054269_5054269_17454173456865_500.jpg
226,미니멀,115_5358257_5358257_17560976169931_500.jpg
227,미니멀,116_3056556_3056556_17286314506641_500.jpg
228,미니멀,117_5360010_5360010_17570499942339_500.jpg
229,미니멀,118_4040873_4040873_17400262142523_500.jpg
230,미니멀,119_5287737_5287737_17556898662562_500.jpg
231,미니멀,120_2392759_2392759_16800703603984_500.jpg
232,미니멀,121_5270951_5270951_17533402289783_500.jpg
233,미니멀,122_4315325_4315325_17399349081243_500.jpg
234,미니멀,123_3201670_3201670_17537598326069_500.jpg
235,미니멀,124_4072717_4072717_17137614509158_500.jpg
236,미니멀,125_5287926_5287926_17540362433030_500.jpg
237,미니멀,126_4339288_4339288_17466910129204_500.jpg
238,미니멀,127_5054270_5054270_17454173329325_500.jpg
239,미니멀,128_4310551_4310551_17561757532200_500.jpg
240,미니멀,129_4478844_4478844_17458016405131_500.jpg
241,미니멀,130_5110971_5110971_17472916138863_500.jpg
242,미니멀,131_2364807_2364807_2_500.jpg
243,미니멀,132_4774417_4774417_17433879724151_500.jpg
244,미니멀,133_5362182_5362182_17573164820003_500.jpg
245,미니멀,134_4823842_4823842_17405502147732_500.jpg
246,미니멀,135_2540259_2540259_17478734149950_500.jpg
247,미니멀,136_5217189_5217189_17515237479472_500.jpg
248,미니멀,137_4760148_4760148_17395161104169_500.jpg
249,미니멀,138_5280699_5280699_17556752506491_500.jpg
250,미니멀,139_3905618_3905618_17150730709033_500.jpg
251,미니멀,140_2410765_2410765_16814536861169_500.jpg
252,미니멀,141_5287969_5287969_17540366727599_500.jpg
253,미니멀,142_4313380_4313380_17234425841214_500.jpg
254,미니멀,143_5196909_5196909_17503238652385_500.jpg
255,미니멀,144_3343790_3343790_16878490612353_500.jpg
256,미니멀,145_5186939_5186939_17576714166310_500.jpg
257,미니멀,146_4366156_4366156_17558226578673_500.jpg
258,미니멀,147_5052395_5052395_17458106261576_500.jpg
259,미니멀,148_4134603_4134603_17483089852088_500.jpg
260,미니멀,149_4761289_4761289_17387451304583_500.jpg
261,미니멀,150_1116117_1116117_17198152584718_500.jpg
262,미니멀,151_4431026_4431026_17260315942823_500.jpg
263,미니멀,152_5360004_5360004_17570499602193_500.jpg
264,미니멀,153_4444812_4444812_17278393770155_500.jpg
265,미니멀,154_4725763_4725763_17393224353990_500.jpg
266,빈티지,001_3203695_3203695_17428813177852_500.jpg
267,빈티지,002_4105447_4105447_17147174107379_500.jpg
268,빈티지,003_4780020_4780020_17417761941730_500.jpg
269,빈티지,004_4782996_4782996_17419458346504_500.jpg
270,빈티지,005_3247398_3247398_17437466023798_500.jpg
271,빈티지,006_5164963_5164963_17496097418968_500.jpg
272,빈티지,007_5078944_5078944_17459163186151_500.jpg
273,빈티지,008_4147228_4147228_17494544246451_500.jpg
274,빈티지,009_4949728_4949728_17430646128881_500.jpg
275,빈티지,010_4160024_4160024_17447724985731_500.jpg
276,빈티지,011_5266628_5266628_17532480641454_500.jpg
277,빈티지,012_5180696_5180696_17533390561847_500.jpg
278,빈티지,013_3956456_3956456_17495401817380_500.jpg
279,빈티지,014_5266641_5266641_17534220943450_500.jpg
280,빈티지,015_5223339_5223339_17514498052896_500.jpg
281,빈티지,016_4114456_4114456_17174910836231_500.jpg
282,빈티지,017_5267845_5267845_17544475799559_500.jpg
283,빈티지,018_5008870_5008870_17441977440558_500.jpg
284,빈티지,019_3332023_3332023_17447845700678_500.jpg
285,빈티지,020_4762105_4762105_17421933520118_500.jpg
286,빈티지,021_4896291_4896291_17424313795643_500.jpg
287,빈티지,022_5136740_5136740_17484363007778_500.jpg
288,빈티지,023_5075692_5075692_17466036928626_500.jpg
289,빈티지,024_3965474_3965474_17109870373940_500.jpg
290,빈티지,025_4704818_4704818_17544444533555_500.jpg
291,빈티지,026_4949721_4949721_17430645750902_500.jpg
292,빈티지,027_4929094_4929094_17446984985215_500.png
293,빈티지,028_4895501_4895501_17434029897393_500.jpg
294,빈티지,029_4120964_4120964_17153102208997_500.jpg
295,빈티지,030_1981127_1981127_16883745504998_500.jpg
296,빈티지,031_5016592_5016592_17459114750126_500.jpg
297,빈티지,032_5223338_5223338_17514498459374_500.jpg
298,빈티지,033_5136696_5136696_17478194831305_500.jpg
299,빈티지,034_4987293_4987293_17443384376109_500.jpg
300,빈티지,035_4105759_4105759_17173368239289_500.jpg
301,빈티지,036_4182634_4182634_17177374647677_500.jpg
302,빈티지,037_4863520_4863520_17421871056644_500.jpg
303,빈티지,038_4120972_4120972_17153102679434_500.jpg
304,빈티지,039_4891252_4891252_17417895895459_500.jpg
305,빈티지,040_5075724_5075724_17458949509724_500.jpg
306,빈티지,041_5179541_5179541_17501621165403_500.jpg
307,빈티지,042_4182644_4182644_17177428642066_500.jpg
308,빈티지,043_4829003_4829003_17404538686061_500.jpg
309,빈티지,044_5225303_5225303_17515239282763_500.jpg
310,빈티지,045_5103622_5103622_17470346230032_500.jpg
311,빈티지,046_4182646_4182646_17177373346475_500.jpg
312,빈티지,047_4828983_4828983_17404542083285_500.jpg
313,빈티지,048_3268629_3268629_16883749467772_500.jpg
314,빈티지,049_4038037_4038037_17126437739381_500.jpg
315,빈티지,050_4107766_4107766_17240653235207_500.jpg
316,빈티지,051_4212300_4212300_17189390456174_500.jpeg
317,빈티지,052_4828998_4828998_17404540004801_500.jpg
318,빈티지,053_5077083_5077083_17459072853118_500.jpg
319,빈티지,054_4960234_4960234_17436486158500_500.jpg
320,빈티지,055_4895541_4895541_17434024949525_500.jpg
321,빈티지,056_3163734_3163734_17485652283905_500.jpg
322,빈티지,057_4948710_4948710_17430644435679_500.jpg
323,빈티지,058_4949724_4949724_17430645962075_500.jpg
324,빈티지,059_4182627_4182627_17177375132291_500.jpg
325,빈티지,060_4794109_4794109_17397764900924_500.jpg
326,빈티지,061_1287278_1287278_16881023269360_500.jpg
327,빈티지,062_4069745_4069745_17135064735941_500.jpg
328,빈티지,063_3268602_3268602_17557380116819_500.jpg
329,빈티지,064_5307832_5307832_17548789718710_500.jpg
330,빈티지,065_5188994_5188994_17520208692498_500.jpg
331,빈티지,066_5120742_5120742_17473788101276_500.jpg
332,빈티지,067_3968212_3968212_17125701639910_500.jpg
333,빈티지,068_4828980_4828980_17404542382638_500.jpg
334,빈티지,069_5243028_5243028_17522094822302_500.jpg
335,빈티지,070_5154058_5154058_17484164988015_500.jpg
336,빈티지,071_4992558_4992558_17446148189262_500.jpg
337,빈티지,072_3870146_3870146_17108635081257_500.jpg
338,빈티지,073_4983716_4983716_17441016488857_500.jpg
339,빈티지,074_5094423_5094423_17471198773559_500.jpg
340,빈티지,075_5157609_5157609_17485052664346_500.jpg
341,빈티지,076_4937057_4937057_17436470212885_500.jpg
342,빈티지,077_5010909_5010909_17442557785995_500.jpg
343,빈티지,078_4971431_4971431_17434745149910_500.jpg
344,빈티지,079_3156932_3156932_16808496112303_500.jpg
345,빈티지,080_5189000_5189000_17520208246571_500.jpg
346,빈티지,081_3955422_3955422_17104090819214_500.jpg
347,빈티지,082_4093478_4093478_17169702452536_500.jpg
348,빈티지,083_5017871_5017871_17443568016765_500.jpg
349,빈티지,084_5156204_5156204_17508305156405_500.jpg
350,빈티지,085_5035849_5035849_17447938377128_500.jpg
351,빈티지,086_4104519_4104519_17147018592951_500.jpg
352,빈티지,087_3985675_3985675_17230921529979_500.jpg
353,빈티지,088_5016715_5016715_17448655107702_500.jpg
354,빈티지,089_5081903_5081903_17558406124873_500.jpg
355,빈티지,090_5010687_5010687_17448652765396_500.jpg
356,빈티지,091_5184293_5184293_17527185238439_500.jpg
357,빈티지,092_5369669_5369669_17573149954322_500.jpg
358,빈티지,093_5100351_5100351_17468512587100_500.jpg
359,빈티지,094_5158236_5158236_17488315462211_500.jpg
360,빈티지,095_5213008_5213008_17515215075065_500.jpg
361,빈티지,096_4909674_4909674_17539297022667_500.jpg
362,빈티지,097_4953868_4953868_17471141528636_500.jpg
363,빈티지,098_4950390_4950390_17430736602414_500.jpg
364,빈티지,099_4237751_4237751_17580137540568_500.jpg
365,빈티지,100_5056146_5056146_17506364531590_500.jpg
366,빈티지,101_4030331_4030331_17502121977776_500.jpg
367,빈티지,102_5158237_5158237_17488339228920_500.jpg
368,빈티지,103_5110945_5110945_17473544591313_500.jpg
369,빈티지,104_4991030_4991030_17438307668888_500.jpg
370,빈티지,105_4233860_4233860_17230140310314_500.jpg
371,빈티지,106_3208150_3208150_16806657167095_500.jpg
372,빈티지,107_4054151_4054151_17153208266610_500.jpg
373,빈티지,108_5083341_5083341_17460854795217_500.jpg
374,빈티지,109_5098302_5098302_17496918587078_500.jpg
375,빈티지,110_5152313_5152313_17484924942240_500.jpg
376,빈티지,111_4891273_4891273_17417895979614_500.jpg
377,빈티지,112_5084747_5084747_17466057465320_500.jpg
378,빈티지,113_4937284_4937284_17546346677593_500.jpg
379,빈티지,114_4937091_4937091_17436469471502_500.jpg
380,빈티지,115_4929090_4929090_17446985476151_500.png
381,빈티지,116_2451858_2451858_1_500.jpg
382,빈티지,117_4147194_4147194_17163443707182_500.jpg
383,빈티지,118_5119917_5119917_17473709875730_500.jpg
384,빈티지,119_4960598_4960598_17431566237867_500.jpg
385,빈티지,120_5197350_5197350_17503792018619_500.jpg
386,빈티지,121_5098298_5098298_17497809573119_500.jpg
387,빈티지,122_4976428_4976428_17435802725391_500.jpg
388,빈티지,123_5099182_5099182_17467753634832_500.jpg
389,빈티지,124_4934260_4934260_17484830926188_500.jpg
390,빈티지,125_4227023_4227023_17397741313213_500.jpg
391,빈티지,126_4895478_4895478_17434030948208_500.jpg
392,빈티지,127_4992633_4992633_17446142839731_500.jpg
393,빈티지,128_5249384_5249384_17525736140198_500.jpg
394,빈티지,129_5071529_5071529_17458428590991_500.jpg
395,빈티지,130_4534459_4534459_17294742193486_500.jpg
396,빈티지,131_3955429_3955429_17104091881665_500.jpg
397,빈티지,132_5230507_5230507_17518769949950_500.jpg
398,빈티지,133_5120694_5120694_17473783123053_500.jpg
399,섹시,001_4368210_4368210_17260317728954_500.jpg
400,섹시,002_4111038_4111038_17218926364527_500.jpg
401,섹시,003_4111040_4111040_17218911406259_500.jpg
402,섹시,004_4368211_4368211_17245833708635_500.jpg
403,섹시,005_4111048_4111048_17218968117597_500.jpg
404,섹시,006_4960625_4960625_17431551365103_500.jpg
405,섹시,007_4110950_4110950_17206862636694_500.jpg
406,섹시,008_4111093_4111093_17218901232868_500.jpg
407,섹시,009_4973291_4973291_17435854572098_500.jpg
408,섹시,010_4110938_4110938_17206871567055_500.jpg
409,스트릿,001_3964330_3964330_17525640298436_500.jpg
410,스트릿,002_4443633_4443633_17267272271583_500.jpg
411,스트릿,003_3791988_3791988_17249825786441_500.jpg
412,스트릿,004_4757532_4757532_17389100951526_500.jpg
413,스트릿,005_4062156_4062156_17135972665884_500.jpg
414,스트릿,006_1976079_1976079_1_500.jpg
415,스트릿,007_3447272_3447272_16994973443010_500.jpg
416,스트릿,008_4231582_4231582_17200011237745_500.jpg
417,스트릿,009_3048710_3048710_16765889313450_500.jpg
418,스트릿,010_4798431_4798431_17398485985913_500.jpg
419,스트릿,011_2073572_2073572_1_500.jpg
420,스트릿,012_4747233_4747233_17575537474321_500.jpg
421,스트릿,013_5387390_5387390_17570489644213_500.jpg
422,스트릿,014_3778051_3778051_17073568818976_500.jpg
423,스트릿,015_3533201_3533201_17090996307638_500.jpg
424,스트릿,016_4973414_4973414_17436670831743_500.jpg
425,스트릿,017_3600309_3600309_17307693737819_500.jpg
426,스트릿,018_4536880_4536880_17316503155745_500.jpg
427,스트릿,019_3459382_3459382_16916553391005_500.jpg
428,스트릿,020_3434944_3434944_16919981277003_500.jpg
429,스트릿,021_5316660_5316660_17564590738724_500.png
430,스트릿,022_4274049_4274049_17557547385693_500.jpg
431,스트릿,023_4290635_4290635_17308720127055_500.jpg
432,스트릿,024_4072132_4072132_17137526006998_500.jpg
433,스트릿,025_4300521_4300521_17364887413977_500.jpg
434,스트릿,026_3840865_3840865_17083078277832_500.jpg
435,스트릿,027_4336570_4336570_17243097432006_500.jpg
436,스트릿,028_5341445_5341445_17567027932293_500.jpg
437,스트릿,029_5449199_5449199_17576433140714_500.jpg
438,스트릿,030_5279526_5279526_17576316090009_500.jpg
439,스트릿,031_4711450_4711450_17527705588991_500.jpg
440,스트릿,032_5339273_5339273_17568588908318_500.jpg
441,스트릿,033_2985719_2985719_1_500.jpg
442,스트릿,034_3483185_3483185_17126721883306_500.jpg
443,스트릿,035_5109839_5109839_17472917730808_500.jpg
444,스트릿,036_3816988_3816988_17171271417251_500.jpg
445,스트릿,037_5091485_5091485_17466041801808_500.jpg
446,스트릿,038_5161533_5161533_17521159597655_500.jpg
447,스트릿,039_4709369_4709369_17563632117691_500.jpg
448,스트릿,040_5142797_5142797_17479792178691_500.jpg
449,스트릿,041_4900414_4900414_17421884456360_500.jpg
450,스트릿,042_4420671_4420671_17258599799418_500.jpg
451,스트릿,043_4278871_4278871_17242044809215_500.jpg
452,스트릿,044_5313572_5313572_17588706570917_500.jpg
453,스트릿,045_4522605_4522605_17290637683947_500.jpg
454,스트릿,046_5142709_5142709_17479789548391_500.jpg
455,스트릿,047_5408806_5408806_17570545943843_500.jpg
456,스트릿,048_3076233_3076233_17043275997427_500.jpg
457,스트릿,049_4376542_4376542_17255956427384_500.jpg
458,스트릿,050_4888996_4888996_17429545107598_500.jpg
459,스트릿,051_4312714_4312714_17278284391730_500.jpg
460,스트릿,052_4909212_4909212_17422609842155_500.jpg
461,스트릿,053_5279744_5279744_17587781389512_500.jpg
462,스트릿,054_4773584_4773584_17422615466030_500.jpg
463,스트릿,055_3206719_3206719_16823003482274_500.jpg
464,스트릿,056_5283515_5283515_17561128684620_500.jpg
465,스트릿,057_4643382_4643382_17345811494791_500.jpg
466,스트릿,058_4407579_4407579_17255891923231_500.jpg
467,스트릿,059_3666524_3666524_16988379979101_500.jpg
468,스트릿,060_5272311_5272311_17555758885138_500.jpg
469,스트릿,061_3835108_3835108_17078245167150_500.jpg
470,스트릿,062_4902295_4902295_17421720470435_500.jpg
471,스트릿,063_3070218_3070218_17585165674061_500.jpg
472,스트릿,064_5120954_5120954_17483384114709_500.jpg
473,스트릿,065_4783445_4783445_17405384380531_500.jpg
474,스트릿,066_4824727_4824727_17412495233577_500.jpg
475,스트릿,067_4684033_4684033_17370316372816_500.jpg
476,스트릿,068_5310955_5310955_17551517423496_500.jpg
477,스트릿,069_3467226_3467226_17452847372948_500.jpg
478,스트릿,070_4978003_4978003_17435692064606_500.jpg
479,스트릿,071_5141970_5141970_17479677802373_500.jpg
480,스트릿,072_4373554_4373554_17300949262953_500.jpg
481,스트릿,073_5313018_5313018_17556769851373_500.jpg
482,스트릿,074_5224766_5224766_17515179211396_500.jpg
483,스트릿,075_5183955_5183955_17573891166124_500.jpg
484,스트릿,076_3944076_3944076_17485000769341_500.jpg
485,스트릿,077_4309321_4309321_17282620166264_500.jpg
486,스트릿,078_4250025_4250025_17322513366658_500.jpg
487,스트릿,079_3878577_3878577_17096752633507_500.jpg
488,스트릿,080_5054386_5054386_17471130764985_500.jpg
489,스트릿,081_4830206_4830206_17445943831401_500.jpg
490,스트릿,082_5396436_5396436_17575980849019_500.jpg
491,스트릿,083_4338901_4338901_17274057185336_500.jpg
492,스트릿,084_4302299_4302299_17400994840901_500.jpg
493,스트릿,085_4950794_4950794_17430346107812_500.jpg
494,스트릿,086_4430675_4430675_17273644071654_500.jpg
495,스트릿,087_3826875_3826875_17403767189600_500.jpg
496,스트릿,088_3454188_3454188_16917431554983_500.jpg
497,스트릿,089_4323598_4323598_17516189626210_500.jpg
498,스트릿,090_3316313_3316313_16848010772575_500.jpg
499,스트릿,091_5310968_5310968_17551517391531_500.jpg
500,스트릿,092_3110502_3110502_17326014531810_500.jpg
501,스트릿,093_5256742_5256742_17534124353444_500.jpg
502,스트릿,094_2351467_2351467_2_500.jpg
503,스트릿,095_5331629_5331629_17579026420899_500.jpg
504,스트릿,096_4305563_4305563_17259323462433_500.jpg
505,스트릿,097_5366193_5366193_17567099825347_500.jpg
506,스트릿,098_4795048_4795048_17406443639372_500.jpg
507,스트릿,099_5352060_5352060_17561991895097_500.jpg
508,스트릿,100_5403310_5403310_17574681618692_500.jpg
509,스트릿,101_4679417_4679417_17569585202955_500.jpg
510,스트릿,102_4424071_4424071_17294932335219_500.jpg
511,스트릿,103_5041723_5041723_17512661715851_500.jpg
512,스트릿,104_5121322_5121322_17484071610464_500.jpg
513,스트릿,105_4787267_4787267_17400406004017_500.jpg
514,스트릿,106_4471860_4471860_17362263148599_500.png
515,스트릿,107_4787713_4787713_17434852706950_500.jpg
516,스트릿,108_5313016_5313016_17554916550728_500.jpg
517,스트릿,109_4768974_4768974_17425358990905_500.jpg
518,스트릿,110_5387119_5387119_17568682849060_500.jpg
519,스트릿,111_4987611_4987611_17479637325739_500.jpg
520,스트릿,112_5128813_5128813_17581505484838_500.jpg
521,스트릿,113_5162967_5162967_17488514922874_500.jpg
522,스트릿,114_4792791_4792791_17419120835685_500.jpg
523,스트릿,115_5434462_5434462_17580057586325_500.jpg
524,스트릿,116_5291234_5291234_17551627338926_500.jpg
525,스트릿,117_3859521_3859521_17115946344528_500.jpg
526,스트릿,118_4045042_4045042_17169728988770_500.jpg
527,스트릿,119_4725443_4725443_17509090587760_500.jpg
528,스트릿,120_5301750_5301750_17563451186671_500.jpg
529,스트릿,121_3421113_3421113_17586870588729_500.jpg
530,스트릿,122_4575673_4575673_17302800462171_500.jpg
531,스트릿,123_4506373_4506373_17286071266028_500.jpg
532,스트릿,124_5265343_5265343_17555145673225_500.jpg
533,스트릿,125_5272306_5272306_17545409531594_500.jpg
534,스트릿,126_3902776_3902776_17484065652827_500.jpg
535,스트릿,127_5036328_5036328_17448118455497_500.png
536,스트릿,128_5128887_5128887_17585257568681_500.jpg
537,스트릿,129_4909403_4909403_17582432419977_500.jpg
538,스트릿,130_4745097_4745097_17453031296158_500.jpg
539,스트릿,131_4763676_4763676_17395240177818_500.jpg
540,스트릿,132_4830209_4830209_17445944109316_500.jpg
541,스트릿,133_5366200_5366200_17567100082597_500.jpg
542,스트릿,134_3950245_3950245_17422582644603_500.jpg
543,스트릿,135_4656141_4656141_17337255074494_500.jpg
544,스트릿,136_5341446_5341446_17573969307817_500.jpg
545,스트릿,137_4393528_4393528_17550667231018_500.png
546,스트릿,138_4978524_4978524_17435729322410_500.jpg
547,스트릿,139_3867262_3867262_17470375624998_500.jpg
548,스트릿,140_3642581_3642581_16977772857947_500.jpg
549,스트릿,141_4274023_4274023_17495173072506_500.jpg
550,스트릿,142_3064631_3064631_17194790400521_500.jpg
551,스트릿,143_5396373_5396373_17574841855227_500.jpg
552,스트릿,144_5351388_5351388_17561991680442_500.jpg
553,스트릿,145_4350293_4350293_17241542058662_500.jpg
554,스트릿,146_4897568_4897568_17503833431763_500.jpg
555,스트릿,147_4604190_4604190_17321669986913_500.jpg
556,스트릿,148_3844551_3844551_17401000720805_500.jpg
557,스트릿,149_4340772_4340772_17249151066240_500.jpg
558,스트릿,150_4717088_4717088_17376304244330_500.jpg
559,스트릿,151_4823014_4823014_17413385264070_500.jpg
560,스트릿,152_3993934_3993934_17567062712203_500.jpg
561,스트릿,153_4794031_4794031_17413163208266_500.jpg
562,스트릿,154_4969769_4969769_17436563496409_500.jpg
563,스트릿,155_5291507_5291507_17551628798096_500.jpg
564,스트릿,156_4723727_4723727_17387150257980_500.jpg
565,스트릿,157_4292636_4292636_17253636023652_500.jpg
566,스트릿,158_4970012_4970012_17434248372586_500.png
567,스트릿,159_4322895_4322895_17581621142178_500.jpg
568,스트릿,160_4376515_4376515_17255831326785_500.jpg
569,스트릿,161_3434923_3434923_16907792295496_500.jpg
570,스트릿,162_5294712_5294712_17561910913822_500.jpg
571,스트릿,163_3812807_3812807_17059082740547_500.jpg
572,스트릿,164_3962908_3962908_17230825056135_500.jpg
573,스트릿,165_5308442_5308442_17560981288162_500.jpg
574,스트릿,166_4734272_4734272_17393419195475_500.jpg
575,스트릿,167_5265355_5265355_17555149358246_500.jpg
576,스트릿,168_2092849_2092849_17086549514914_500.jpg
577,스트릿,169_5383873_5383873_17570535489848_500.jpg
578,스트릿,170_2711142_2711142_1_500.jpg
579,스트릿,171_5303362_5303362_17557480037077_500.jpg
580,스트릿,172_5309202_5309202_17580931155173_500.jpg
581,스트릿,173_5301339_5301339_17556641534432_500.jpg
582,스트릿,174_4322896_4322896_17581621063316_500.jpg
583,스트릿,175_4905378_4905378_17545334417491_500.jpg
584,스트릿,176_3663072_3663072_16988871011427_500.jpg
585,스트릿,177_4461212_4461212_17273287358322_500.jpg
586,스트릿,178_5202970_5202970_17585078187260_500.jpg
587,스트릿,179_3840937_3840937_17083068789627_500.jpg
588,스트릿,180_4830398_4830398_17446872913664_500.jpg
589,스트릿,181_3508903_3508903_16994964604897_500.jpg
590,스트릿,182_4757347_4757347_17389245694198_500.jpg
591,스트릿,183_5358425_5358425_17564467676461_500.jpg
592,스트릿,184_4440757_4440757_17546354919254_500.jpg
593,스트릿,185_4897566_4897566_17419291462272_500.jpg
594,스트릿,186_3575486_3575486_17193822663237_500.jpg
595,스트릿,187_5378782_5378782_17564441313776_500.jpg
596,스트릿,188_4715143_4715143_17562682416619_500.jpg
597,스트릿,189_4768975_4768975_17400266239055_500.jpg
598,스트릿,190_3613296_3613296_16969028238915_500.jpg
599,스트릿,191_4718119_4718119_17385516372339_500.jpg
600,스트릿,192_4929606_4929606_17428033482938_500.jpg
601,스트릿,193_5240118_5240118_17530727898373_500.jpg
602,스트릿,194_2184087_2184087_3_500.jpg
603,스트릿,195_5439512_5439512_17576403508782_500.jpg
604,스트릿,196_4935422_4935422_17478975035397_500.jpg
605,스트릿,197_5291527_5291527_17551630457453_500.jpg
606,스트릿,198_5240756_5240756_17569516192735_500.jpg
607,스트릿,199_4557903_4557903_17298224063694_500.jpg
608,스트릿,200_5310977_5310977_17551516499401_500.jpg
609,스트릿,201_4888940_4888940_17429021296240_500.jpg
610,스트릿,202_4796405_4796405_17418559102023_500.jpg
611,스트릿,203_5367151_5367151_17567100374732_500.jpg
612,스트릿,204_5428995_5428995_17574031762587_500.jpg
613,스트릿,205_4164429_4164429_17201609421486_500.jpg
614,스트릿,206_4937296_4937296_17461687229310_500.jpg
615,스트릿,207_5301340_5301340_17556641043093_500.jpg
616,스트릿,208_5333338_5333338_17561138826002_500.jpg
617,스트릿,209_4304154_4304154_17243269764126_500.jpg
618,스트릿,210_3921800_3921800_17096157426687_500.jpg
619,스트릿,211_5294715_5294715_17561903828084_500.jpg
620,스트릿,212_5061477_5061477_17490994965209_500.jpg
621,스트릿,213_5345787_5345787_17562877780708_500.jpg
622,스트릿,214_4819298_4819298_17406263130436_500.jpg
623,스트릿,215_4150289_4150289_17531576514320_500.jpg
624,스트릿,216_5275857_5275857_17545512952778_500.jpg
625,스트릿,217_4679470_4679470_17387404853822_500.jpg
626,스트릿,218_4504763_4504763_17285484714109_500.jpg
627,스트릿,219_4717090_4717090_17458897478393_500.jpg
628,스트릿,220_4783444_4783444_17405383059276_500.jpg
629,스트릿,221_3820650_3820650_17072321096723_500.jpg
630,스트릿,222_5408810_5408810_17570544414051_500.jpg
631,스트릿,223_5151941_5151941_17554981228659_500.jpg
632,스트릿,224_2189903_2189903_2_500.jpg
633,스트릿,225_5428998_5428998_17574033687331_500.jpg
634,스트릿,226_4299030_4299030_17562641276718_500.jpg
635,스트릿,227_4644800_4644800_17387440827115_500.jpg
636,스트릿,228_5118142_5118142_17473756473377_500.jpg
637,스트릿,229_5287913_5287913_17579824292051_500.jpg
638,스트릿,230_5244560_5244560_17523954715868_500.jpg
639,스트릿,231_5302409_5302409_17562810304359_500.jpg
640,스트릿,232_4350961_4350961_17582662658302_500.jpg
641,스트릿,233_5331635_5331635_17579026881129_500.jpg
642,스트릿,234_4292701_4292701_17253634154535_500.jpg
643,스트릿,235_5294722_5294722_17561902630115_500.jpg
644,스트릿,236_5299970_5299970_17548962347604_500.jpg
645,스트릿,237_4747231_4747231_17520234126945_500.jpg
646,스트릿,238_5335957_5335957_17562656475128_500.jpg
647,스트릿,239_2184088_2184088_4_500.jpg
648,스트릿,240_3740876_3740876_17525683043934_500.jpeg
649,스트릿,241_5347638_5347638_17570397619311_500.jpg
650,스트릿,242_4737060_4737060_17562696608254_500.jpg
651,스트릿,243_5174463_5174463_17504050768979_500.jpg
652,스트릿,244_5349598_5349598_17574680324793_500.jpg
653,스트릿,245_4935411_4935411_17478974671245_500.jpg
654,스트릿,246_4941466_4941466_17575667152238_500.jpg
655,스트릿,247_4834829_4834829_17417602595444_500.jpg
656,스트릿,248_3893016_3893016_17542864190198_500.jpg
657,스트릿,249_5276361_5276361_17585070112597_500.jpg
658,스트릿,250_4819299_4819299_17406264536892_500.jpg
659,스트릿,251_5397392_5397392_17574650516184_500.jpg
660,스트릿,252_5315757_5315757_17572968489422_500.jpg
661,스트릿,253_5466948_5466948_17581719235779_500.jpg
662,스트릿,254_4871126_4871126_17421237336885_500.jpg
663,스트릿,255_2929838_2929838_1_500.jpg
664,스트릿,256_3576613_3576613_17525559121680_500.jpg
665,스트릿,257_5403308_5403308_17569667882897_500.jpg
666,스트릿,258_4658037_4658037_17587687858603_500.jpg
667,스트릿,259_5316737_5316737_17573897814933_500.png
668,스트릿,260_4717112_4717112_17558479760670_500.jpg
669,스트릿,261_5252477_5252477_17527336447901_500.jpg
670,스트릿,262_4036011_4036011_17231741235959_500.jpg
671,스트릿,263_5367978_5367978_17567027619766_500.jpg
672,스트릿,264_5302107_5302107_17545547634442_500.jpg
673,스트릿,265_5294746_5294746_17561889663501_500.jpg
674,스트릿,266_4819297_4819297_17407128887144_500.jpg
675,스트릿,267_4241658_4241658_17313886257411_500.jpg
676,스트릿,268_5397394_5397394_17574651364847_500.jpg
677,스트릿,269_5358494_5358494_17568754087947_500.jpg
678,스트릿,270_5333999_5333999_17570739669302_500.jpg
679,스트릿,271_3406361_3406361_16917219475112_500.jpg
680,스트릿,272_5408808_5408808_17570545549065_500.jpg
681,스트릿,273_3400300_3400300_16964807034853_500.jpg
682,스트릿,274_5405982_5405982_17575455013576_500.jpg
683,스트릿,275_5316499_5316499_17555043081806_500.jpg
684,스트릿,276_5026608_5026608_17458994432812_500.jpg
685,스트릿,277_4557442_4557442_17588462107434_500.jpg
686,스트릿,278_4717993_4717993_17369201383130_500.jpg
687,스트릿,279_3902778_3902778_17484065796211_500.jpg
688,스트릿,280_4337002_4337002_17484860767517_500.jpg
689,스트릿,281_3455332_3455332_16956129961589_500.jpg
690,스트릿,282_5382554_5382554_17575571217037_500.jpg
691,스트릿,283_5158662_5158662_17490036170748_500.jpg
692,스트릿,284_4053849_4053849_17175665647206_500.jpg
693,스트릿,285_4664356_4664356_17478811980483_500.jpg
694,스트릿,286_4281659_4281659_17223066214468_500.jpg
695,스트릿,287_5276366_5276366_17585066431811_500.jpg
696,스트릿,288_4841129_4841129_17412462807580_500.jpg
697,스트릿,289_5294714_5294714_17561906081809_500.jpg
698,스트릿,290_4787265_4787265_17401230138117_500.jpg
699,스트릿,291_5313028_5313028_17562710415670_500.jpg
700,스트릿,292_5272312_5272312_17555758770540_500.jpg
701,스트릿,293_3782941_3782941_17586881092897_500.jpg
702,스트릿,294_3986100_3986100_17261073565815_500.jpg
703,스트릿,295_5402598_5402598_17569700670492_500.jpg
704,스트릿,296_4860985_4860985_17411561907102_500.jpg
705,스트릿,297_5367979_5367979_17564455508058_500.jpg
706,스트릿,298_5064996_5064996_17479807501300_500.jpg
707,스트릿,299_3877779_3877779_17501497851354_500.jpg
708,스트릿,300_4316928_4316928_17232001059710_500.jpg
709,스포티,001_3800515_3800515_17073709342294_500.jpg
710,스포티,002_3437799_3437799_16915694208182_500.jpg
711,스포티,003_3837335_3837335_17310352534151_500.jpg
712,스포티,004_3816604_3816604_17073109988646_500.jpg
713,스포티,005_3437795_3437795_16915695314180_500.jpg
714,스포티,006_4424126_4424126_17261269011600_500.jpg
715,스포티,007_3032496_3032496_16760080599190_500.jpg
716,스포티,008_4004202_4004202_17156577510061_500.jpg
717,스포티,009_3906791_3906791_17091042950207_500.jpg
718,스포티,010_4309990_4309990_17231709180775_500.jpg
719,스포티,011_4260524_4260524_17216320426592_500.jpg
720,스포티,012_4253120_4253120_17258511009694_500.jpg
721,스포티,013_3276196_3276196_17470140886464_500.jpg
722,스포티,014_3424093_3424093_17470140735136_500.jpg
723,스포티,015_5261128_5261128_17531003921242_500.jpg
724,스포티,016_4719883_4719883_17412408857891_500.jpg
725,스포티,017_3816941_3816941_17079865737865_500.jpg
726,스포티,018_3782914_3782914_17072079268705_500.jpg
727,스포티,019_4430593_4430593_17262043088363_500.jpg
728,스포티,020_5261129_5261129_17531003992383_500.jpg
729,스포티,021_4826416_4826416_17411394613978_500.jpg
730,스포티,022_3606303_3606303_16969901939162_500.jpg
731,스포티,023_4377288_4377288_17248081754823_500.jpg
732,스포티,024_3837503_3837503_17067654704691_500.jpg
733,스포티,025_2851947_2851947_17497790755601_500.jpg
734,스포티,026_3816697_3816697_17072915926857_500.jpg
735,스포티,027_2848967_2848967_16957742233874_500.jpg
736,스포티,028_3574757_3574757_16951127856131_500.jpg
737,스포티,029_5269568_5269568_17533223598333_500.jpg
738,스포티,030_2851946_2851946_17497807158859_500.jpg
739,스포티,031_3270810_3270810_17470140562921_500.jpg
740,스포티,032_4803671_4803671_17404489170265_500.jpg
741,스포티,033_3959491_3959491_17107484584890_500.jpg
742,스포티,034_3801187_3801187_17067692216649_500.jpg
743,스포티,035_5269577_5269577_17533225755086_500.jpg
744,스포티,036_4046804_4046804_17205899028340_500.jpg
745,스포티,037_3792322_3792322_17512505712717_500.jpg
746,스포티,038_4322240_4322240_17242281431465_500.jpg
747,스포티,039_2660696_2660696_17050213234843_500.jpg
748,스포티,040_3370678_3370678_16871397190905_500.jpg
749,스포티,041_3648502_3648502_16983011691697_500.jpg
750,스포티,042_2766590_2766590_16986425976156_500.jpg
751,스포티,043_3460388_3460388_17083049566605_500.jpg
752,스포티,044_3437833_3437833_16915690896804_500.jpg
753,스포티,045_3149841_3149841_16788632132351_500.jpg
754,스포티,046_5269572_5269572_17533224253240_500.jpg
755,스포티,047_4469501_4469501_17339819655436_500.jpg
756,스포티,048_2847581_2847581_1_500.jpg
757,스포티,049_3460563_3460563_17083058738689_500.jpg
758,스포티,050_3144134_3144134_16812754928336_500.jpg
759,스포티,051_2412816_2412816_1_500.jpg
760,스포티,052_4860652_4860652_17415210226124_500.jpg
761,스포티,053_4260519_4260519_17216331234938_500.jpg
762,스포티,054_1861931_1861931_1_500.jpg
763,스포티,055_3953501_3953501_17104901126113_500.jpg
764,스포티,056_3961954_3961954_17191423799047_500.jpg
765,스포티,057_3508051_3508051_16934698249730_500.jpg
766,스포티,058_2993622_2993622_1_500.jpg
767,스포티,059_4567684_4567684_17579885167884_500.jpg
768,스포티,060_4462812_4462812_17278448598272_500.jpg
769,스포티,061_4254332_4254332_17229133479290_500.jpg
770,스포티,062_3989054_3989054_17161029366389_500.jpg
771,스포티,063_3721323_3721323_17002247223202_500.jpg
772,스포티,064_3721315_3721315_17002244080692_500.jpg
773,스포티,065_3547169_3547169_17496979025424_500.jpg
774,스포티,066_1611289_1611289_1_500.jpg
775,스포티,067_3534881_3534881_16946635816542_500.jpg
776,스포티,068_4341484_4341484_17285458499316_500.jpg
777,스포티,069_3807343_3807343_17066921843389_500.jpg
778,스포티,070_4129857_4129857_17162634979717_500.jpg
779,스포티,071_3837502_3837502_17067654779716_500.jpg
780,스포티,072_3903265_3903265_17186841145940_500.jpg
781,스포티,073_4420328_4420328_17326018325608_500.jpg
782,스포티,074_2700766_2700766_1_500.jpg
783,스포티,075_3464180_3464180_17309470626365_500.jpg
784,스포티,076_4398487_4398487_17253451116606_500.jpg
785,스포티,077_2981345_2981345_1_500.jpg
786,스포티,078_3473473_3473473_17544678192034_500.jpg
787,스포티,079_4512641_4512641_17288767477050_500.jpg
788,시크,001_4497727_4497727_17566873501957_500.jpg
789,시크,002_4767023_4767023_17389044857655_500.jpg
790,시크,003_5346759_5346759_17569420492787_500.jpg
791,시크,004_4369048_4369048_17247594653321_500.jpg
792,시크,005_3435461_3435461_16927671935160_500.jpg
793,시크,006_5392241_5392241_17574838136005_500.jpg
794,시크,007_5367975_5367975_17564340076305_500.jpg
795,시크,008_2707453_2707453_17256054634178_500.jpg
796,시크,009_5316727_5316727_17564044468485_500.png
797,시크,010_1593755_1593755_1_500.jpg
798,시크,011_2690964_2690964_17398760537749_500.jpg
799,시크,012_4761052_4761052_17413230275779_500.jpg
800,시크,013_4759014_4759014_17394320326356_500.jpg
801,시크,014_4668275_4668275_17537442547001_500.jpg
802,시크,015_4403731_4403731_17256178800641_500.jpg
803,시크,016_5316730_5316730_17564047490657_500.png
804,시크,017_4736436_4736436_17391711587949_500.jpg
805,시크,018_5387291_5387291_17568906540822_500.jpg
806,시크,019_5175227_5175227_17533459676984_500.jpg
807,시크,020_5266738_5266738_17569541237093_500.jpg
808,시크,021_5334365_5334365_17555633683131_500.jpg
809,시크,022_4293285_4293285_17562683930641_500.jpg
810,시크,023_4794421_4794421_17401262854822_500.jpg
811,시크,024_5225417_5225417_17515255435792_500.jpg
812,시크,025_5429202_5429202_17574032925854_500.jpg
813,시크,026_4619959_4619959_17550675072952_500.jpg
814,시크,027_2324898_2324898_17288870720894_500.jpg
815,시크,028_4671616_4671616_17412433995065_500.jpg
816,시크,029_4870534_4870534_17413316017862_500.jpg
817,시크,030_2611696_2611696_17497064332751_500.jpg
818,시크,031_4766076_4766076_17388403183951_500.jpg
819,시크,032_1576700_1576700_17591199589640_500.jpg
820,시크,033_2311620_2311620_2_500.jpg
821,시크,034_5286931_5286931_17575688359807_500.jpg
822,시크,035_4888537_4888537_17419271337138_500.jpg
823,시크,036_5358255_5358255_17560976046008_500.jpg
824,시크,037_4782735_4782735_17403860123033_500.jpg
825,시크,038_3783494_3783494_17560952203188_500.jpg
826,시크,039_5398627_5398627_17580721772933_500.jpg
827,시크,040_5260791_5260791_17566908081158_500.jpg
828,시크,041_5291798_5291798_17573977739338_500.jpg
829,시크,042_4896433_4896433_17428692909223_500.jpg
830,시크,043_5231419_5231419_17526488102758_500.jpg
831,시크,044_4403729_4403729_17254309275024_500.jpg
832,시크,045_5316507_5316507_17582508013714_500.jpg
833,시크,046_4490413_4490413_17282701550569_500.jpg
834,시크,047_3826387_3826387_17488386801882_500.jpg
835,시크,048_2290171_2290171_2_500.jpg
836,시크,049_5350846_5350846_17562763557290_500.png
837,시크,050_5343542_5343542_17558255671498_500.jpg
838,시크,051_4705631_4705631_17393471827947_500.jpg
839,시크,052_4519267_4519267_17289726115076_500.jpg
840,시크,053_5392250_5392250_17574837892184_500.jpg
841,시크,054_5289721_5289721_17574039107259_500.jpg
842,시크,055_5213406_5213406_17544586632515_500.jpg
843,시크,056_5387411_5387411_17574641332017_500.jpg
844,시크,057_5323490_5323490_17564527419062_500.jpg
845,시크,058_4497342_4497342_17308939936627_500.jpg
846,시크,059_5429199_5429199_17574032775360_500.jpg
847,시크,060_3272834_3272834_16915519675314_500.jpg
848,시크,061_4347666_4347666_17358882268219_500.jpg
849,시크,062_5027991_5027991_17447861106612_500.jpg
850,시크,063_2093254_2093254_1_500.jpg
851,시크,064_3489623_3489623_17567922798129_500.jpg
852,시크,065_5498634_5498634_17582725683529_500.jpg
853,시크,066_5363255_5363255_17563485700777_500.jpg
854,시크,067_5350835_5350835_17562763672255_500.png
855,시크,068_5094215_5094215_17466863166856_500.jpg
856,시크,069_4575678_4575678_17319898541028_500.jpg
857,시크,070_4828728_4828728_17406217795042_500.jpg
858,시크,071_5287753_5287753_17569694261269_500.jpg
859,시크,072_3849147_3849147_17072764299679_500.jpg
860,시크,073_4784650_4784650_17569597872155_500.jpg
861,시크,074_4117791_4117791_17167919578720_500.jpg
862,시크,075_4446040_4446040_17274020237984_500.jpg
863,시크,076_2086700_2086700_17140091434271_500.jpg
864,언더아머,001_5341812_5341812_17556582716386_500.jpg
865,언더아머,002_4262983_4262983_17213767182236_500.jpg
866,언더아머,003_1880961_1880961_1_500.jpg
867,언더아머,004_1838940_1838940_1_500.jpg
868,오피스,001_4140178_4140178_17179788011557_500.jpg
869,오피스,002_5370394_5370394_17569706045918_500.jpg
870,오피스,003_5342290_5342290_17588680613481_500.jpg
871,오피스,004_5342928_5342928_17563714946677_500.jpg
872,오피스,005_5358291_5358291_17560979875501_500.jpg
873,오피스,006_3017681_3017681_17206913946336_500.jpg
874,오피스,007_5356356_5356356_17559280691043_500.jpg
875,오피스,008_2619060_2619060_1_500.jpg
876,오피스,009_5365843_5365843_17575783780051_500.jpg
877,오피스,010_4117016_4117016_17152437878667_500.jpg
878,오피스,011_4774441_4774441_17429805709530_500.jpg
879,오피스,012_5326543_5326543_17568827924699_500.jpg
880,오피스,013_4099171_4099171_17146401958722_500.jpg
881,오피스,014_4599205_4599205_17310387105309_500.jpg
882,오피스,015_5193751_5193751_17539399375352_500.jpg
883,오피스,016_2877728_2877728_1_500.jpg
884,오피스,017_2465658_2465658_1_500.jpg
885,오피스,018_5393673_5393673_17568180592942_500.jpg
886,오피스,019_5126867_5126867_17479151433384_500.jpg
887,오피스,020_4584496_4584496_17306854290048_500.jpg
888,오피스,021_3201624_3201624_16804994731082_500.jpg
889,오피스,022_5420064_5420064_17573264443591_500.jpg
890,오피스,023_3841139_3841139_17079604594984_500.jpg
891,오피스,024_3097185_3097185_16808334829966_500.jpg
892,오피스,025_3201636_3201636_16804997602867_500.jpg
893,오피스,026_2208735_2208735_1_500.jpg
894,오피스,027_4246111_4246111_17225647821001_500.jpg
895,오피스,028_2390230_2390230_17259463404562_500.jpg
896,오피스,029_2428121_2428121_1_500.jpg
897,오피스,030_5315696_5315696_17588009726626_500.jpg
898,오피스,031_5367671_5367671_17562598830050_500.jpg
899,오피스,032_4774417_4774417_17433879724151_500.jpg
900,오피스,033_4034208_4034208_17126452213578_500.jpg
901,오피스,034_2397158_2397158_1_500.jpg
902,오피스,035_3017680_3017680_17206912578349_500.jpg
903,오피스,036_5381380_5381380_17565372344055_500.jpg
904,오피스,037_2468530_2468530_1_500.jpg
905,오피스,038_5393669_5393669_17568180144810_500.jpg
906,오피스,039_4677280_4677280_17347632598231_500.jpg
907,오피스,040_2619048_2619048_1_500.jpg
908,오피스,041_2444161_2444161_16800296014664_500.jpg
909,오피스,042_5357082_5357082_17561996327523_500.jpg
910,오피스,043_3795304_3795304_17069647739678_500.jpg
911,오피스,044_3213969_3213969_16808347716000_500.jpg
912,오피스,045_3201644_3201644_16804999254219_500.jpg
913,캐주얼,001_4664323_4664323_17567690749003_500.jpg
914,캐주얼,002_5358541_5358541_17569644989573_500.jpg
915,캐주얼,003_4781242_4781242_17400341359956_500.jpg
916,캐주얼,004_4755688_4755688_17454555575948_500.jpg
917,캐주얼,005_4168925_4168925_17470096911980_500.jpg
918,캐주얼,006_3932440_3932440_17185921407878_500.jpg
919,캐주얼,007_5371398_5371398_17564549127622_500.jpg
920,캐주얼,008_5253326_5253326_17573089256152_500.jpg
921,캐주얼,009_483798_483798_17042592753641_500.jpg
922,캐주얼,010_5393303_5393303_17570490575442_500.jpg
923,캐주얼,011_5186596_5186596_17500515134214_500.jpg
924,캐주얼,013_4851451_4851451_17410489338018_500.jpg
925,캐주얼,014_5157563_5157563_17485047179179_500.jpg
926,캐주얼,015_4898898_4898898_17501285551927_500.jpg
927,캐주얼,016_4298190_4298190_17527109372356_500.jpg
928,캐주얼,017_5358535_5358535_17569663478533_500.jpg
929,캐주얼,018_4168922_4168922_17185885384710_500.jpg
930,캐주얼,019_5084498_5084498_17461624520464_500.jpg
931,캐주얼,020_2409956_2409956_3_500.jpg
932,캐주얼,021_4775765_4775765_17392507135525_500.jpg
933,캐주얼,022_4900216_4900216_17558290284455_500.jpg
934,캐주얼,023_4910567_4910567_17495231367150_500.jpg
935,캐주얼,024_4143736_4143736_17567131668806_500.jpg
936,캐주얼,025_4118673_4118673_17532547354382_500.png
937,캐주얼,026_5358538_5358538_17569664157589_500.jpg
938,캐주얼,027_5264516_5264516_17556685841392_500.jpg
939,캐주얼,028_5368999_5368999_17568849498333_500.jpg
940,캐주얼,029_5312819_5312819_17561729122720_500.jpg
941,캐주얼,030_4414840_4414840_17255970990176_500.jpg
942,캐주얼,031_4797543_4797543_17398421948004_500.jpg
943,캐주얼,032_4748506_4748506_17425435252497_500.jpg
944,캐주얼,033_4001383_4001383_17116063823739_500.jpg
945,캐주얼,034_4128124_4128124_17167927705221_500.jpg
946,캐주얼,035_4699515_4699515_17369152120356_500.jpg
947,캐주얼,036_5336476_5336476_17556716062025_500.jpg
948,캐주얼,037_4308181_4308181_17240470053818_500.jpg
949,캐주얼,038_1841248_1841248_1_500.jpg
950,캐주얼,039_3626167_3626167_17564249748601_500.jpg
951,캐주얼,040_5026715_5026715_17466870171428_500.jpg
952,캐주얼,041_4343587_4343587_17241306082750_500.jpg
953,캐주얼,042_4343587_4343587_17241306082750_500.jpg
954,캐주얼,043_5057022_5057022_17496050794521_500.jpg
955,캐주얼,044_4016553_4016553_17137779487077_500.jpg
956,캐주얼,045_4877087_4877087_17524693303486_500.jpg
957,캐주얼,046_4172293_4172293_17567770391050_500.jpg
958,캐주얼,047_4313354_4313354_17234426205842_500.jpg
959,캐주얼,048_4404680_4404680_17261053753035_500.jpg
960,캐주얼,049_5287570_5287570_17556872459925_500.jpg
961,캐주얼,050_4035182_4035182_17581641607188_500.jpg
962,캐주얼,051_4797203_4797203_17398583796881_500.jpg
963,캐주얼,052_5214030_5214030_17512548622283_500.jpg
964,캐주얼,053_4730993_4730993_17374411083165_500.jpg
965,캐주얼,054_4787889_4787889_17557629752595_500.jpg
966,캐주얼,055_4331875_4331875_17236322195393_500.jpg
967,캐주얼,056_5123844_5123844_17477169762133_500.jpg
968,캐주얼,057_4696002_4696002_17416834764959_500.jpg
969,캐주얼,058_5102804_5102804_17554996478296_500.jpg
970,캐주얼,059_4715884_4715884_17497761707567_500.jpg
971,캐주얼,060_4864710_4864710_17416846277541_500.jpg
972,캐주얼,061_4279928_4279928_17231774529256_500.jpg
973,캐주얼,062_5240722_5240722_17563442641130_500.jpg
974,캐주얼,063_5358545_5358545_17569644486944_500.jpg
975,캐주얼,064_5403303_5403303_17569666815284_500.jpg
976,캐주얼,065_5289769_5289769_17557579677497_500.jpg
977,캐주얼,066_3758305_3758305_17128229951850_500.jpg
978,캐주얼,067_4897976_4897976_17422830730215_500.jpg
979,캐주얼,068_4295447_4295447_17247152559900_500.jpg
980,캐주얼,069_5321905_5321905_17562184422904_500.jpg
981,캐주얼,070_4331872_4331872_17236322038527_500.jpg
982,캐주얼,071_5287870_5287870_17585046657658_500.jpg
983,캐주얼,072_4284688_4284688_17412393488370_500.jpg
984,캐주얼,073_4743569_4743569_17394154865346_500.jpg
985,캐주얼,074_1954170_1954170_1_500.jpg
986,캐주얼,075_5251282_5251282_17575554610960_500.jpg
987,캐주얼,076_4227437_4227437_17554971051018_500.jpg
988,캐주얼,077_4993768_4993768_17446019110031_500.jpg
989,캐주얼,078_4739029_4739029_17581579866754_500.jpg
990,캐주얼,079_4303887_4303887_17568804221683_500.jpg
991,캐주얼,080_3222963_3222963_17361279579425_500.jpg
992,캐주얼,081_5343362_5343362_17556697599673_500.jpg
993,캐주얼,081_5358499_5358499_17564494894888_500.jpg
994,캐주얼,082_4168913_4168913_17557344393949_500.jpg
995,캐주얼,083_5398105_5398105_17568860163264_500.jpg
996,캐주얼,084_1103797_1103797_2_500.jpg
997,캐주얼,085_5440173_5440173_17575119205836_500.jpg
998,캐주얼,086_5214038_5214038_17512551704470_500.jpg
999,캐주얼,087_4974161_4974161_17435538212997_500.jpg
1000,캐주얼,088_5186941_5186941_17576714596166_500.jpg
1001,캐주얼,089_5358255_5358255_17560976046008_500.jpg
1002,캐주얼,090_5393288_5393288_17570491823625_500.jpg
1003,캐주얼,091_5260530_5260530_17560902829309_500.jpg
1004,캐주얼,092_5358499_5358499_17564494894888_500.jpg
1005,캐주얼,093_5244137_5244137_17550624506068_500.jpg
1006,캐주얼,094_3938066_3938066_17171287648103_500.jpg
1007,캐주얼,095_5425026_5425026_17573842222899_500.jpg
1008,캐주얼,096_4866277_4866277_17417411965740_500.jpg
1009,캐주얼,097_2724603_2724603_1_500.jpg
1010,캐주얼,098_5085932_5085932_17461651891482_500.jpg
1011,캐주얼,099_3810210_3810210_17394317212046_500.jpg
1012,캐주얼,100_4316097_4316097_17561850861759_500.jpg
1013,캐주얼,101_2080878_2080878_17167754790370_500.jpg
1014,캐주얼,102_5316365_5316365_17567999088859_500.jpg
1015,캐주얼,103_1574264_1574264_1_500.jpg
1016,캐주얼,104_4387090_4387090_17249425155738_500.jpg
1017,캐주얼,105_4357228_4357228_17259347805628_500.jpg
1018,캐주얼,106_4425073_4425073_17273390280319_500.jpg
1019,캐주얼,107_4767774_4767774_17410743736215_500.jpg
1020,캐주얼,108_4041647_4041647_17171326267642_500.jpg
1021,캐주얼,109_4783797_17401252634606_500.jpeg
1022,캐주얼,110_4116995_17534232274239_500.jpeg
1023,캐주얼,111_5251265_17542938049310_500.jpeg
1024,캐주얼,112_4391290_4391290_17252386866454_500.jpg
1025,캐주얼,113_4672683_4672683_17467725059023_500.jpg
1026,캐주얼,114_4253180_4253180_17258511735487_500.jpg
1027,캐주얼,115_3825639_3825639_17562730433653_500.jpg
1028,캐주얼,116_3937573_3937573_17122140805389_500.jpg
1029,캐주얼,117_5261244_5261244_17531011924493_500.jpg
1030,캐주얼,118_4699291_4699291_17370828998435_500.jpg
1031,캐주얼,119_4242349_4242349_17205926675331_500.jpg
1032,캐주얼,120_5065578_5065578_17482415121105_500.jpg
1033,캐주얼,121_4806168_4806168_17455478907807_500.jpg
1034,캐주얼,122_5094215_5094215_17466863166856_500.jpg
1035,캐주얼,123_4755788_4755788_17527063337067_500.jpg
1036,캐주얼,124_3105521_3105521_17104834100600_500.jpg
1037,캐주얼,125_3725205_3725205_17004882329803_500.jpg
1038,캐주얼,126_5436368_5436368_17574844521179_500.jpg
1039,캐주얼,127_4322783_4322783_17234583013897_500.jpg
1040,캐주얼,128_3155085_3155085_17198081552303_500.jpg
1041,캐주얼,129_4784650_4784650_17569597872155_500.jpg
1042,캐주얼,130_4045197_4045197_17485829420015_500.jpg
1043,캐주얼,131_5408649_5408649_17570578540207_500.jpg
1044,캐주얼,132_4969869_4969869_17554769590152_500.jpg
1045,캐주얼,133_1336398_1336398_2_500.jpg
1046,캐주얼,134_4821291_4821291_17413239952096_500.jpg
1047,캐주얼,135_4942039_4942039_17430487369086_500.jpg
1048,캐주얼,136_4401807_4401807_17259584739959_500.jpg
1049,캐주얼,137_4273263_4273263_17452237999708_500.jpg
1050,캐주얼,138_5186515_5186515_17501339573613_500.jpg
1051,캐주얼,139_4826086_4826086_17412540551089_500.jpg
1052,캐주얼,140_4491740_4491740_17283471977526_500.jpg
1053,캐주얼,141_4279105_4279105_17440311302464_500.png
1054,캐주얼,142_3038985_3038985_16792866895630_500.jpg
1055,캐주얼,143_4757834_4757834_17387445886491_500.jpg
1056,캐주얼,144_4692967_4692967_17423476380883_500.jpg
1057,캐주얼,145_5244064_5244064_17569440475938_500.jpg
1058,캐주얼,146_4129489_4129489_17162577981553_500.jpg
1059,캐주얼,147_5248395_5248395_17525611495572_500.jpg
1060,캐주얼,148_1962905_1962905_17503136764254_500.jpg
1061,캐주얼,149_5313474_5313474_17557857857175_500.jpg
1062,캐주얼,150_3922474_3922474_17096087348391_500.jpg
1063,캐주얼,151_4318632_4318632_17282636480173_500.jpg
1064,캐주얼,152_5321878_5321878_17562869230724_500.jpg
1065,캐주얼,153_4764721_4764721_17388249507067_500.jpg
1066,캐주얼,154_3926599_3926599_17497881107509_500.jpg
1067,캐주얼,155_4871084_4871084_17421236013206_500.jpg
1068,캐주얼,156_4786236_4786236_17400106987285_500.jpg
1069,캐주얼,157_4327331_4327331_17568571754847_500.jpg
1070,캐주얼,158_2542410_2542410_16778241303150_500.jpg
1071,캐주얼,159_5296834_5296834_17562904411385_500.jpg
1072,캐주얼,160_5438152_5438152_17575526556694_500.jpg
1073,캐주얼,161_4798760_4798760_17398591846330_500.jpg
1074,캐주얼,162_4788205_4788205_17422640831469_500.jpg
1075,캐주얼,163_3879282_3879282_17439950180780_500.jpg
1076,캐주얼,164_5138274_5138274_17514195726335_500.jpg
1077,캐주얼,165_4288936_4288936_17234533688166_500.jpg
1078,캐주얼,166_4042494_4042494_17156581137354_500.jpg
1079,캐주얼,167_3794591_3794591_17433871262453_500.jpg
1080,캐주얼,168_5312829_5312829_17562028439841_500.jpg
1081,캐주얼,169_5308429_5308429_17548866836264_500.jpg
1082,캐주얼,170_5259641_5259641_17588486036179_500.jpg
1083,캐주얼,171_4583647_4583647_17305233641342_500.jpg
1084,캐주얼,172_4316096_4316096_17561852199815_500.jpg
1085,캐주얼,173_5352191_5352191_17580677213006_500.jpg
1086,캐주얼,174_5239577_5239577_17521135128083_500.jpg
1087,캐주얼,175_5114044_5114044_17472358274427_500.jpg
1088,캐주얼,176_3511002_3511002_16939922170217_500.png
1089,캐주얼,177_2711148_2711148_1_500.jpg
1090,캐주얼,178_5343548_5343548_17558245981074_500.jpg
1091,캐주얼,179_3042516_3042516_17150418369060_500.jpg
1092,캐주얼,180_5404745_5404745_17569717136822_500.jpg
1093,캐주얼,181_4386834_4386834_17249281786829_500.jpg
1094,캐주얼,182_4711530_4711530_17373570169020_500.jpg
1095,캐주얼,183_5143032_5143032_17515217881302_500.jpg
1096,캐주얼,184_2126183_2126183_16909344872371_500.jpg
1097,캐주얼,185_5318746_5318746_17562705554915_500.jpg
1098,캐주얼,186_5313571_5313571_17557856848670_500.jpg
1099,캐주얼,187_3881148_3881148_17084180871191_500.jpg
1100,캐주얼,188_4296965_4296965_17239595615072_500.jpg
1101,캐주얼,189_5394917_5394917_17576400832966_500.jpg
1102,캐주얼,190_5045924_5045924_17466832798959_500.jpg
1103,캐주얼,191_5070558_5070558_17570388153625_500.jpg
1104,캐주얼,192_1336401_1336401_1_500.jpg
1105,캐주얼,193_4705635_4705635_17557569834501_500.jpg
1106,캐주얼,194_4730037_4730037_17386513697640_500.jpg
1107,캐주얼,195_5244165_5244165_17550625626961_500.jpg
1108,캐주얼,196_5051941_5051941_17453025363635_500.jpg
1109,캐주얼,197_5294087_5294087_17562816856559_500.jpg
1110,캐주얼,198_4428047_4428047_17285383987740_500.jpg
1111,캐주얼,199_4040853_4040853_17400262775128_500.jpg
1112,캐주얼,200_4899074_4899074_17556479225936_500.jpg
1113,캐주얼,201_5031421_5031421_17471921653950_500.jpg
1114,캐주얼,202_1116155_1116155_17228406206001_500.jpg
1115,캐주얼,203_5307130_5307130_17558409021418_500.jpg
1116,캐주얼,204_4739260_4739260_17376087555099_500.jpg
1117,캐주얼,205_4494302_4494302_17576377473566_500.jpg
1118,캐주얼,206_5095318_5095318_17467663024733_500.jpg
1119,캐주얼,207_5023164_5023164_17448738388627_500.jpg
1120,캐주얼,208_5314842_5314842_17556600891731_500.jpg
1121,캐주얼,209_4478841_4478841_17410499799045_500.jpg
1122,캐주얼,210_890749_890749_17189525847174_500.jpg
1123,캐주얼,211_5358529_5358529_17569655086134_500.jpg
1124,캐주얼,212_2005113_2005113_17143555779106_500.jpg
1125,캐주얼,213_5054140_5054140_17453164309301_500.jpg
1126,캐주얼,214_3054682_3054682_17477036588920_500.jpg
1127,캐주얼,215_3791891_3791891_17509001091121_500.jpg
1128,캐주얼,216_4705373_4705373_17393297388463_500.jpg
1129,캐주얼,217_5313506_5313506_17572955799563_500.jpg
1130,캐주얼,218_3791863_3791863_17061549346677_500.jpg
1131,캐주얼,219_4042491_4042491_17183325730337_500.jpg
1132,캐주얼,220_5352844_5352844_17569827613856_500.jpg
1133,캐주얼,221_4276071_4276071_17256024970870_500.jpg
1134,캐주얼,222_5340506_5340506_17580090595387_500.png
1135,캐주얼,223_3961875_3961875_17110704307336_500.jpg
1136,캐주얼,224_1150239_1150239_17228420992201_500.jpg
1137,캐주얼,225_4342818_4342818_17542754340543_500.jpg
1138,캐주얼,226_2093483_2093483_3_500.jpg
1139,캐주얼,227_4696017_4696017_17567693170084_500.jpg
1140,캐주얼,228_4724875_4724875_17370057606029_500.jpg
1141,캐주얼,229_3739931_3739931_17567897327017_500.jpg
1142,캐주얼,230_2578564_2578564_17150447661675_500.jpg
1143,캐주얼,231_5186951_5186951_17562691136137_500.jpg
1144,캐주얼,232_5488590_5488590_17585002777302_500.jpg
1145,캐주얼,233_4964147_4964147_17433872516293_500.jpg
1146,캐주얼,234_4404721_4404721_17261054725193_500.jpg
1147,캐주얼,235_4826081_4826081_17412542133629_500.jpg
1148,캐주얼,236_5369005_5369005_17569485555238_500.jpg
1149,캐주얼,237_5312798_5312798_17561730513616_500.jpg
1150,캐주얼,238_3858276_3858276_17418281172181_500.jpg
1151,캐주얼,239_5155198_5155198_17484872275931_500.jpg
1152,캐주얼,240_5318331_5318331_17550540067811_500.jpg
1153,캐주얼,241_1706633_1706633_16932921087582_500.jpg
1154,캐주얼,242_5069455_5069455_17458049486103_500.jpg
1155,캐주얼,243_3845019_3845019_17303547172869_500.jpg
1156,캐주얼,244_3517935_3517935_17243764634696_500.jpg
1157,캐주얼,245_4129167_4129167_17476361013209_500.jpg
1158,캐주얼,246_5032436_5032436_17447693845077_500.jpg
1159,캐주얼,247_5294636_5294636_17545634533324_500.jpg
1160,캐주얼,248_3726794_3726794_17005584261275_500.jpg
1161,캐주얼,249_1402730_1402730_2_500.jpg
1162,캐주얼,250_5304903_5304903_17587588992365_500.jpg
1163,캐주얼,251_4773562_4773562_17521379050357_500.jpg
1164,캐주얼,252_4073506_4073506_17150674738158_500.jpg
1165,캐주얼,253_4227424_4227424_17554986064564_500.jpg
1166,캐주얼,254_4982237_4982237_17574011859448_500.jpg
1167,캐주얼,255_4755241_4755241_17570577674073_500.jpg
1168,캐주얼,256_1629784_1629784_1_500.jpg
1169,캐주얼,257_2708994_2708994_4_500.jpg
1170,캐주얼,258_4719967_4719967_17555876557604_500.jpg
1171,캐주얼,259_4659502_4659502_17338185188638_500.jpg
1172,캐주얼,260_5253332_5253332_17567733898628_500.jpg
1173,캐주얼,261_2154603_2154603_1_500.jpg
1174,캐주얼,262_5354751_5354751_17575786735053_500.jpg
1175,캐주얼,263_5268147_5268147_17535147132421_500.jpg
1176,캐주얼,264_5107439_5107439_17508988533924_500.jpg
1177,캐주얼,265_5023134_5023134_17448735137098_500.jpg
1178,캐주얼,266_5099829_5099829_17470283661193_500.jpg
1179,캐주얼,267_5351590_5351590_17561993087183_500.jpg
1180,캐주얼,268_5394922_5394922_17576400958501_500.jpg
1181,캐주얼,269_4023777_4023777_17428885661031_500.jpg
1182,캐주얼,270_4705344_4705344_17376348789981_500.jpg
1183,캐주얼,271_3800488_3800488_17109244802155_500.jpg
1184,캐주얼,272_2848444_2848444_17530765545510_500.jpg
1185,캐주얼,273_4764012_4764012_17412401449371_500.jpg
1186,캐주얼,274_5002044_5002044_17490180846196_500.jpg
1187,캐주얼,275_4709531_4709531_17364716198074_500.jpg
1188,캐주얼,276_5370394_5370394_17569706045918_500.jpg
1189,캐주얼,277_5287587_5287587_17556872303167_500.jpg
1190,캐주얼,278_1574268_1574268_2_500.jpg
1191,캐주얼,279_1841246_1841246_17153141302584_500.jpg
1192,캐주얼,280_4302070_4302070_17294727740520_500.jpg
1193,캐주얼,281_5432069_5432069_17575194407125_500.jpg
1194,캐주얼,282_4763616_4763616_17435826315247_500.jpg
1195,캐주얼,283_3056563_3056563_16867018905566_500.jpg
1196,캐주얼,284_5307129_5307129_17558409134210_500.jpg
1197,캐주얼,285_5052512_5052512_17502280252659_500.jpg
1198,캐주얼,286_4169436_4169436_17181844383792_500.jpg
1199,캐주얼,287_533067_533067_4_500.jpg
1200,캐주얼,288_4791871_4791871_17568698833089_500.jpg
1201,캐주얼,289_5281061_5281061_17557581697795_500.jpg
1202,캐주얼,290_3805601_3805601_17108408702297_500.jpg
1203,캐주얼,291_5314320_5314320_17564392825418_500.jpg
1204,캐주얼,292_5007631_5007631_17446976477263_500.jpg
1205,캐주얼,293_4672680_4672680_17524697415160_500.jpg
1206,캐주얼,294_4989733_4989733_17477885499560_500.jpg
1207,캐주얼,295_3937537_3937537_17186778672029_500.jpg
1208,캐주얼,296_3845020_3845020_17303547106608_500.jpg
1209,캐주얼,297_4337695_4337695_17243859538800_500.jpg
1210,캐주얼,298_5317834_5317834_17550505425963_500.jpg
1211,캐주얼,299_5289666_5289666_17567903937395_500.jpg
1212,캐주얼,300_4736331_4736331_17391873449673_500.jpg
1213,캐주얼,301_1208508_1208508_17309346458466_500.jpg
1214,캐주얼,302_4911299_4911299_17448723459942_500.jpg
1215,캐주얼,303_5143413_5143413_17483062825517_500.jpg
1216,캐주얼,304_5017255_5017255_17484113268223_500.jpg
1217,캐주얼,305_3877565_3877565_17097141601891_500.jpg
1218,캐주얼,306_4871138_4871138_17425347986004_500.jpg
1219,캐주얼,307_5007198_5007198_17441848108062_500.jpg
1220,캐주얼,308_5338777_5338777_17570393245027_500.jpg
1221,캐주얼,309_4747474_4747474_17586986814604_500.jpg
1222,캐주얼,310_1610833_1610833_17338871086660_500.jpg
1223,캐주얼,311_5424888_5424888_17573836092299_500.jpg
1224,캐주얼,312_4927344_4927344_17567971432251_500.jpg
1225,캐주얼,313_5065532_5065532_17467659782758_500.jpg
1226,캐주얼,314_4805464_4805464_17405382195236_500.jpg
1227,캐주얼,315_5311061_5311061_17557665663256_500.jpg
1228,캐주얼,316_4313844_4313844_17242953564208_500.jpg
1229,캐주얼,317_3845658_3845658_17315588847370_500.jpg
1230,캐주얼,318_3826507_3826507_17562738478280_500.jpg
1231,캐주얼,319_3812103_3812103_17416612881127_500.jpg
1232,캐주얼,320_4844635_4844635_17532604381628_500.jpg
1233,캐주얼,321_5143018_5143018_17490960009652_500.jpg
1234,캐주얼,322_5438147_5438147_17575531630832_500.jpg
1235,캐주얼,323_5342925_5342925_17563719292831_500.jpg
1236,캐주얼,324_5408651_5408651_17570612864458_500.jpg
1237,캐주얼,325_3845229_3845229_17070563978243_500.jpg
1238,캐주얼,326_3156810_3156810_16803320747887_500.jpg
1239,캐주얼,327_2728364_2728364_1_500.jpg
1240,캐주얼,328_5410568_5410568_17570652264134_500.jpg
1241,캐주얼,329_3086485_3086485_17453114107869_500.jpg
1242,캐주얼,330_2019619_2019619_16879966695411_500.jpg
1243,캐주얼,331_5246896_5246896_17525393231834_500.jpg
1244,캐주얼,332_4866663_4866663_17576514324024_500.jpg
1245,캐주얼,333_5371391_5371391_17582577637244_500.jpg
1246,캐주얼,334_4262411_4262411_17247290023338_500.jpg
1247,캐주얼,335_5335505_5335505_17562772967484_500.jpg
1248,캐주얼,336_4696016_4696016_17567693730551_500.jpg
1249,캐주얼,337_4752436_4752436_17439913063199_500.jpg
1250,캐주얼,338_4042432_4042432_17127455938406_500.jpg
1251,캐주얼,339_2365168_2365168_1_500.jpg
1252,캐주얼,340_5313570_5313570_17557857004108_500.jpg
1253,캐주얼,341_4227448_4227448_17554955304154_500.jpg
1254,캐주얼,342_5401794_5401794_17569565933171_500.jpg
1255,캐주얼,343_5177174_5177174_17496116442622_500.jpg
1256,캐주얼,344_4761630_4761630_17447034010998_500.jpg
1257,캐주얼,345_5315265_5315265_17568636583157_500.jpg
1258,캐주얼,346_5350663_5350663_17576597212999_500.png
1259,캐주얼,347_4313186_4313186_17364766666167_500.jpg
1260,캐주얼,348_5394926_5394926_17576401109974_500.jpg
1261,캐주얼,349_3271408_3271408_17443338174836_500.jpg
1262,캐주얼,350_4494301_4494301_17576377997149_500.jpg
1263,캐주얼,351_5321882_5321882_17563468314856_500.jpg
1264,캐주얼,352_5484312_5484312_17581606727847_500.jpg
1265,캐주얼,353_4823772_4823772_17403779987498_500.jpg
1266,캐주얼,354_2445804_2445804_17497906343201_500.png
1267,캐주얼,355_5037853_5037853_17453247438181_500.jpg
1268,캐주얼,356_4739098_4739098_17581581570678_500.jpg
1269,캐주얼,357_5466687_5466687_17580126871354_500.jpg
1270,캐주얼,358_5161025_5161025_17487853898448_500.jpg
1271,캐주얼,359_994600_994600_16740420963878_500.jpg
1272,캐주얼,360_5338778_5338778_17570404824472_500.jpg
1273,캐주얼,361_4987284_4987284_17484804134212_500.jpg
1274,캐주얼,362_5128594_5128594_17479029079418_500.jpg
1275,캐주얼,363_4732776_4732776_17374412825397_500.jpg
1276,캐주얼,364_5428487_5428487_17574041615989_500.jpg
1277,캐주얼,365_5349501_5349501_17585272754360_500.jpg
1278,캐주얼,366_5295694_5295694_17544477596590_500.jpg
1279,캐주얼,367_4905320_17421995971123_500.jpeg
1280,캐주얼,368_3758454_17103994073973_500.jpeg
1281,캐주얼,369_5343656_5343656_17558367465262_500.jpg
1282,캐주얼,370_3950102_3950102_17412447830536_500.jpg
1283,캐주얼,371_4853408_4853408_17416656284544_500.jpg
1284,캐주얼,372_5097007_5097007_17467445288694_500.jpg
1285,캐주얼,373_3791860_3791860_17061549165733_500.jpg
1286,캐주얼,374_5336418_5336418_17556716395896_500.jpg
1287,캐주얼,375_3773940_3773940_17084974938776_500.jpg
1288,캐주얼,376_4845179_4845179_17546230085789_500.jpg
1289,캐주얼,377_1183335_1183335_3_500.jpg
1290,캐주얼,378_3163583_3163583_16795350572535_500.jpg
1291,캐주얼,379_4386471_4386471_17591988672871_500.jpg
1292,캐주얼,380_5296829_5296829_17562904605045_500.jpg
1293,캐주얼,381_5114159_5114159_17472842677441_500.jpg
1294,캐주얼,382_5311162_5311162_17549592182237_500.jpg
1295,캐주얼,383_5405994_5405994_17572905432217_500.jpg
1296,캐주얼,384_5318333_5318333_17563465387036_500.jpg
1297,캐주얼,385_3129148_3129148_16789324637584_500.jpg
1298,캐주얼,386_4785429_4785429_17470087581257_500.jpg
1299,캐주얼,387_4740843_4740843_17428875662950_500.jpg
1300,캐주얼,388_5006295_5006295_17563419342084_500.png
1301,캐주얼,389_5308432_5308432_17548866928191_500.jpg
1302,캐주얼,390_3523831_3523831_17102136861329_500.jpg
1303,캐주얼,391_4004832_4004832_17116976754922_500.jpg
1304,캐주얼,392_5110971_5110971_17472916138863_500.jpg
1305,캐주얼,393_2540261_2540261_17537570749813_500.jpg
1306,캐주얼,394_3825677_3825677_17562729866799_500.jpg
1307,캐주얼,395_4927408_4927408_17454692516294_500.jpg
1308,캐주얼,396_5310167_5310167_17568805054709_500.jpg
1309,캐주얼,397_4074148_4074148_17581564939770_500.jpg
1310,캐주얼,398_3062587_3062587_17248319677461_500.jpg
1311,캐주얼,399_5358808_5358808_17561121968792_500.jpg
1312,캐주얼,400_5042006_5042006_17449411440907_500.jpg
1313,캐주얼,401_5007612_5007612_17446978045959_500.jpg
1314,캐주얼,402_2731988_2731988_16895824576679_500.jpg
1315,캐주얼,403_4875923_4875923_17415907597959_500.jpg
1316,캐주얼,404_3836802_3836802_17545354698546_500.jpg
1317,캐주얼,405_5441679_5441679_17587747662137_500.jpg
1318,캐주얼,406_4935958_4935958_17580817079128_500.jpg
1319,캐주얼,407_5114657_5114657_17472735050232_500.jpg
1320,캐주얼,408_5350036_5350036_17562600150346_500.jpg
1321,캐주얼,409_5410523_5410523_17570644622650_500.jpg
1322,캐주얼,410_5343549_5343549_17558245456169_500.jpg
1323,캐주얼,411_4845180_4845180_17407031198829_500.jpg
1324,캐주얼,412_5342290_5342290_17588680613481_500.jpg
1325,캐주얼,413_5266957_5266957_17532489391455_500.jpg
1326,캐주얼,414_5064825_5064825_17461635499544_500.jpg
1327,캐주얼,415_2406910_2406910_2_500.jpg
1328,캐주얼,416_4579206_4579206_17303620444678_500.jpg
1329,캐주얼,417_4909785_4909785_17581773641638_500.jpg
1330,캐주얼,418_4795987_4795987_17405493502899_500.jpg
1331,캐주얼,419_5367687_5367687_17562600129093_500.jpg
1332,캐주얼,420_5180084_5180084_17524696599444_500.jpg
1333,캐주얼,421_4279930_4279930_17255126010784_500.jpg
1334,캐주얼,422_5387108_5387108_17568683224633_500.jpg
1335,캐주얼,423_4469203_4469203_17321677596578_500.jpg
1336,캐주얼,424_4306872_4306872_17591093582793_500.jpg
1337,캐주얼,425_5429632_5429632_17581637115954_500.jpg
1338,캐주얼,426_5281096_5281096_17558271445886_500.jpg
1339,캐주얼,427_5234152_5234152_17527208038641_500.jpg
1340,캐주얼,428_3290710_3290710_17177181758082_500.jpg
1341,캐주얼,429_5324141_5324141_17561030167373_500.jpg
1342,캐주얼,430_5357721_5357721_17574014983876_500.jpg
1343,캐주얼,431_4955998_4955998_17502148496824_500.jpg
1344,캐주얼,432_3341501_3341501_17119313490073_500.jpg
1345,캐주얼,433_3247858_3247858_17442843762612_500.jpg
1346,캐주얼,434_4052645_4052645_17454936737512_500.jpg
1347,캐주얼,435_3475982_3475982_17409984601986_500.jpg
1348,캐주얼,436_4986126_4986126_17437623039361_500.jpg
1349,캐주얼,437_5350585_5350585_17562765833943_500.png
1350,캐주얼,438_3758451_3758451_17104603258601_500.jpg
1351,캐주얼,439_5370716_5370716_17566902389903_500.jpg
1352,캐주얼,440_3932439_3932439_17185921874551_500.jpg
1353,캐주얼,441_4827607_4827607_17404460287552_500.jpg
1354,캐주얼,442_5339523_5339523_17575590379213_500.jpg
1355,캐주얼,443_5287747_5287747_17556898374103_500.jpg
1356,캐주얼,444_5328046_5328046_17561804341144_500.jpg
1357,캐주얼,445_4696001_4696001_17551644195419_500.jpg
1358,캐주얼,446_5395239_5395239_17585902040152_500.jpg
1359,캐주얼,447_5170135_5170135_17491906495529_500.jpg
1360,캐주얼,448_2126187_2126187_16909347812441_500.jpg
1361,캐주얼,449_4387087_4387087_17249422148233_500.jpg
1362,캐주얼,450_4041682_4041682_17140989098294_500.jpg
1363,캐주얼,451_4761253_4761253_17399251424200_500.jpg
1364,캐주얼,452_5292773_5292773_17543714300987_500.jpg
1365,캐주얼,453_4705374_4705374_17393297280103_500.jpg
1366,캐주얼,454_5350051_5350051_17562596233268_500.jpg
1367,캐주얼,455_5358551_5358551_17569643955389_500.jpg
1368,캐주얼,456_4099784_4099784_17538579567088_500.jpg
1369,캐주얼,457_4121422_4121422_17162812146013_500.jpg
1370,캐주얼,458_4871136_4871136_17421238069562_500.jpg
1371,캐주얼,459_5306130_5306130_17558295183105_500.jpeg
1372,캐주얼,460_4999987_4999987_17450321750301_500.jpg
1373,캐주얼,461_4336871_4336871_17243860316213_500.jpg
1374,캐주얼,462_5121027_5121027_17479778504766_500.jpg
1375,캐주얼,463_4733119_4733119_17388563308668_500.jpg
1376,캐주얼,464_5051945_5051945_17453025534602_500.jpg
1377,캐주얼,465_3771912_3771912_17096042993927_500.jpg
1378,캐주얼,466_1472725_1472725_1_500.jpg
1379,캐주얼,467_4073330_4073330_17447957038498_500.jpg
1380,캐주얼,468_4424923_4424923_17568602889734_500.jpg
1381,캐주얼,469_4556487_4556487_17319106261394_500.jpg
1382,캐주얼,470_5343550_5343550_17558234747645_500.jpg
1383,캐주얼,471_3921779_3921779_17096047070086_500.jpg
1384,캐주얼,472_5312832_5312832_17561727630010_500.jpg
1385,캐주얼,473_5097209_5097209_17467520772387_500.jpg
1386,캐주얼,474_5139415_5139415_17495344650760_500.jpg
1387,캐주얼,475_4718436_4718436_17370079547750_500.jpg
1388,캐주얼,476_5286668_5286668_17540220628567_500.jpg
1389,캐주얼,477_4908119_4908119_17439886319114_500.jpg
1390,캐주얼,478_4340665_4340665_17249803820882_500.jpg
1391,캐주얼,479_5305230_5305230_17572985405963_500.jpg
1392,캐주얼,480_1793993_1793993_2_500.jpg
1393,캐주얼,481_5350661_5350661_17578973221317_500.png
1394,캐주얼,482_5374374_5374374_17564347645012_500.jpg
1395,캐주얼,483_3110272_3110272_17254156779059_500.jpg
1396,캐주얼,484_3856743_3856743_17177615485090_500.jpg
1397,캐주얼,485_5307573_5307573_17551369317198_500.jpg
1398,캐주얼,486_4699530_4699530_17369152917857_500.jpg
1399,캐주얼,487_826451_826451_17228401386321_500.jpg
1400,캐주얼,488_4630923_4630923_17471978667593_500.jpg
1401,캐주얼,489_5279099_5279099_17537777330865_500.jpg
1402,캐주얼,490_1896964_1896964_2_500.jpg
1403,캐주얼,491_5025534_5025534_17558393048355_500.jpg
1404,캐주얼,492_5358696_5358696_17570402584700_500.jpg
1405,캐주얼,493_5186952_5186952_17562612616309_500.jpg
1406,캐주얼,494_4899079_4899079_17551500648942_500.jpg
1407,캐주얼,495_4154753_4154753_17171522945631_500.jpg
1408,캐주얼,496_5316695_5316695_17564385261476_500.png
1409,캐주얼,497_4697059_4697059_17370131807135_500.jpg
1410,캐주얼,498_4045186_4045186_17520234831036_500.jpg
1411,캐주얼,499_4288934_4288934_17234551919642_500.jpg
1412,캐주얼,500_5408650_5408650_17570610521592_500.jpg
1413,캐주얼,501_4813651_4813651_17403650352522_500.jpg
1414,클래식,001_3800193_3800193_17078912384379_500.png
1415,클래식,002_4805294_4805294_17445940034296_500.jpg
1416,클래식,003_2304440_2304440_2_500.jpg
1417,클래식,004_4568064_4568064_17301767069377_500.jpg
1418,클래식,005_4763833_4763833_17392375314284_500.jpg
1419,클래식,006_4384039_4384039_17258778553515_500.jpg
1420,클래식,007_3839133_3839133_17404447230580_500.jpg
1421,클래식,008_5300882_5300882_17556521481160_500.jpg
1422,클래식,009_1797622_1797622_17536902767703_500.jpg
1423,클래식,010_3826106_3826106_17440056280597_500.jpg
1424,클래식,011_4422661_4422661_17579832867864_500.jpg
1425,클래식,012_2456626_2456626_1_500.jpg
1426,클래식,013_4093483_4093483_17151270973383_500.jpg
1427,클래식,014_4702371_4702371_17369185634048_500.jpg
1428,클래식,015_5297136_5297136_17587029310199_500.jpg
1429,클래식,016_3667820_3667820_17206773511061_500.jpg
1430,클래식,017_1558197_1558197_17258473462517_500.jpg
1431,클래식,018_4514116_4514116_17297462407218_500.jpg
1432,클래식,019_4683133_4683133_17367419041475_500.jpg
1433,클래식,020_4782745_4782745_17393461631146_500.jpg
1434,클래식,021_3830717_3830717_17067829879973_500.jpg
1435,클래식,022_5361513_5361513_17573216829942_500.jpg
1436,클래식,023_4390860_4390860_17563616938830_500.png
1437,클래식,024_3790874_3790874_17155599574003_500.jpg
1438,클래식,025_5316168_5316168_17562033107729_500.jpg
1439,클래식,026_4576875_4576875_17388327591762_500.jpg
1440,클래식,027_5297139_5297139_17579797062668_500.jpg
1441,클래식,028_2792422_2792422_17171237331498_500.jpg
1442,클래식,029_3431950_3431950_17125518981254_500.jpg
1443,클래식,030_5316711_5316711_17564048348463_500.png
1444,클래식,031_709191_709191_17567966175458_500.jpg
1445,클래식,032_4683135_4683135_17370922344861_500.jpg
1446,클래식,033_2723772_2723772_17152500620750_500.jpg
1447,클래식,034_5289775_5289775_17588548492094_500.jpg
1448,클래식,035_4327432_4327432_17235400217772_500.jpg
1449,클래식,036_3271533_3271533_17443342284947_500.jpg
1450,클래식,037_5353787_5353787_17571457842509_500.png
1451,클래식,038_5287962_5287962_17563538978882_500.jpg
1452,클래식,039_5224177_5224177_17575518178130_500.jpg
1453,클래식,040_5106420_5106420_17497800421924_500.jpg
1454,클래식,041_5312899_5312899_17562035124165_500.jpg
1455,클래식,042_5205795_5205795_17576684022871_500.jpg
1456,클래식,043_3599552_3599552_17206746286098_500.jpg
1457,클래식,044_2398620_2398620_17536909262142_500.jpg
1458,클래식,045_4705357_4705357_17385668102479_500.jpg
1459,클래식,046_3825573_3825573_17151317585846_500.jpg
1460,클래식,047_3092771_3092771_16795535587209_500.jpg
1461,클래식,048_1547452_1547452_17171260053043_500.png
1462,클래식,049_3241375_3241375_17459752855460_500.jpg
1463,클래식,050_5151462_5151462_17569694145743_500.jpg
1464,클래식,051_5391949_5391949_17572988404516_500.png
1465,클래식,052_4566688_4566688_17303669668513_500.jpg
1466,클래식,053_2808735_2808735_17116072363778_500.jpg
1467,클래식,054_3485946_3485946_17560854825597_500.jpg
1468,클래식,055_5261157_5261157_17531005862784_500.jpg
1469,클래식,056_2149533_2149533_1_500.jpg
1470,클래식,057_5316800_5316800_17573894065848_500.png
1471,클래식,058_5293373_5293373_17579797092580_500.jpg
1472,클래식,059_1343223_1343223_17537697886149_500.jpg
1473,클래식,060_3882103_3882103_17083903835386_500.jpg
1474,클래식,061_3397892_3397892_17536888183512_500.jpg
1475,클래식,062_5494549_5494549_17582502896480_500.jpg
1476,클래식,063_4566692_4566692_17303674491676_500.jpg
1477,클래식,064_5312902_5312902_17562034656064_500.jpg
1478,클래식,065_3667813_3667813_17206773888742_500.jpg
1479,클래식,066_3774761_3774761_17446083460945_500.jpg
1480,클래식,067_5316710_5316710_17564045334515_500.png
1481,클래식,068_1873071_1873071_17286365837049_500.jpg
1482,클래식,069_5151491_5151491_17569513046091_500.jpg
1483,클래식,070_4386062_4386062_17249993726737_500.jpg
1484,클래식,071_5097306_5097306_17564314357407_500.jpg
1485,클래식,072_4619870_4619870_17569504887094_500.jpg
1486,클래식,073_3254288_3254288_17170557978132_500.jpg
1487,클래식,074_5151463_5151463_17550668269430_500.jpg
1488,클래식,075_2977829_2977829_17579859296955_500.jpg
1489,클래식,076_5224716_5224716_17515157343463_500.jpg
1490,클래식,077_4800605_4800605_17568800157358_500.jpg
1491,클래식,078_4766136_4766136_17570555730729_500.jpg
1492,클래식,079_5151490_5151490_17568863836939_500.jpg
1493,클래식,080_1108007_1108007_2_500.jpg
1494,클래식,081_3543005_3543005_17261044244672_500.jpg
1495,클래식,082_4353584_4353584_17255172477576_500.jpg
1496,클래식,083_5305273_5305273_17579865581228_500.jpg
1497,클래식,084_5287959_5287959_17563539150035_500.jpg
1498,클래식,085_4619877_4619877_17578982076102_500.jpg
1499,클래식,086_5339071_5339071_17568831587532_500.jpg
1500,클래식,087_5297134_5297134_17584963837936_500.jpg
1501,클래식,088_3809740_3809740_17515051048575_500.png
1502,클래식,089_5350750_5350750_17562764154251_500.png
1503,클래식,090_5151472_5151472_17556565864619_500.jpg
1504,클래식,091_3241243_3241243_17416776672463_500.jpg
1505,클래식,092_5386664_5386664_17580045798709_500.jpg
1506,클래식,093_727847_727847_16928548898099_500.jpg
1507,클래식,094_1075395_1075395_17461444540446_500.jpg
1508,클래식,095_2444799_2444799_1_500.jpg
1509,클래식,096_5258175_5258175_17567958959993_500.jpg
1510,클래식,097_5450925_5450925_17576566431340_500.jpg
1511,클래식,098_4675258_4675258_17346316150406_500.jpg
1512,클래식,099_3542964_3542964_17171238783092_500.jpg
1513,클래식,100_2572705_2572705_17140650815136_500.jpg
1514,펑크,001_3435428_3435428_16921145430320_500.jpg
1515,펑크,002_5310142_5310142_17572963814643_500.jpg
1516,펑크,003_4747476_4747476_17437238185269_500.jpg
1517,펑크,004_2725611_2725611_1_500.jpg
1518,펑크,005_5120694_5120694_17473783123053_500.jpg
1519,펑크,006_5234068_5234068_17520227757836_500.jpg
1520,펑크,007_4021601_4021601_17132556256826_500.jpg
1521,펑크,008_4380804_4380804_17250033859813_500.jpg
1522,펑크,009_5234070_5234070_17520227863421_500.jpg
1523,펑크,010_4092095_4092095_17393386294178_500.jpg
1524,펑크,011_5011827_5011827_17455688216364_500.jpg
1525,펑크,012_1514358_1514358_1_500.jpg
1526,펑크,013_5234072_5234072_17520229508909_500.jpg
1527,펑크,014_4980420_4980420_17435915736406_500.jpg
1528,펑크,015_1950390_1950390_1_500.jpg
1529,펑크,016_4872117_4872117_17413446410281_500.jpg
1530,펑크,017_4262043_4262043_17213667798116_500.jpg
1531,펑크,018_1457939_1457939_1_500.jpg
1532,펑크,019_4561935_4561935_17418912516793_500.jpg
1533,펑크,020_3313602_3313602_16847315829692_500.jpg
1534,펑크,021_4261863_4261863_17213654744179_500.jpg
1535,펑크,022_1950450_1950450_1_500.jpg
1536,펑크,023_4261949_4261949_17213663564106_500.jpg
1537,펑크,024_1951629_1951629_1_500.jpg
1538,펑크,025_5015260_5015260_17443340590600_500.jpg
1539,펑크,026_4261943_4261943_17213662199181_500.jpg
1540,펑크,027_1950384_1950384_1_500.jpg
1541,펑크,028_5208605_5208605_17520462620308_500.jpg
1542,펑크,029_5189327_5189327_17501317781825_500.jpg
1543,펑크,030_4999041_4999041_17447088229202_500.jpg
1544,펑크,031_4261956_4261956_17213664617760_500.jpg
1545,펑크,032_5106481_5106481_17471078720579_500.jpg
1546,펑크,033_5319127_5319127_17567737605497_500.jpg
1547,펑크,034_4872386_4872386_17414257874364_500.jpg
1548,펑크,035_3976802_3976802_17113341281476_500.jpg
1549,펑크,036_2560699_2560699_1_500.jpg
1550,펑크,037_5013084_5013084_17477875617220_500.jpg
1551,펑크,038_4261922_4261922_17213661146587_500.jpg
1552,펑크,039_3314418_3314418_16847320417767_500.jpg
1553,펑크,040_5208587_5208587_17520474159087_500.jpg
1554,펑크,041_4261882_4261882_17213660061628_500.jpg
1555,펑크,042_5011808_5011808_17455688484798_500.jpg
1556,펑크,043_2560689_2560689_1_500.jpg
1557,펑크,044_4165125_4165125_17176527839476_500.jpg
1558,펑크,045_4796472_4796472_17397867525012_500.jpg
1559,펑크,046_3848704_3848704_17085075326805_500.jpg
1560,펑크,047_5026634_5026634_17453886295374_500.jpg
1561,펑크,048_3375295_3375295_16886029416677_500.jpg
1562,펑크,049_5106509_5106509_17471087616895_500.jpg
1563,펑크,050_4872118_4872118_17413449257937_500.jpg
1564,펑크,051_5234067_5234067_17520227638125_500.jpg
